,Position,Candidate,Violation #,Description,Help,HelpUrl,Id,Impact,Tags,Website ,failureSummary:html
0,MAYOR,Bliss,1,Ensures role attribute has an appropriate value for the element,ARIA role must be appropriate for the element,https://dequeuniversity.com/rules/axe/3.1/aria-allowed-role?application=axeAPI,aria-allowed-role,minor,"['cat.aria', 'best-practice']",www.doctorblissformayor.com,"{'Fix any of the following:\n  role button  is not allowed for given element': '<input type=""submit"" role=""button"" aria-label=""Submit"" value=""Submit"" style=""position:absolute;top:0;left:-9999px;width:1px;height:1px"">'}"
1,MAYOR,Bliss,2,Ensures the contrast between foreground and background colors meets WCAG 2 AA contrast ratio thresholds,Elements must have sufficient color contrast,https://dequeuniversity.com/rules/axe/3.1/color-contrast?application=axeAPI,color-contrast,serious,"['cat.color', 'wcag2aa', 'wcag143']",www.doctorblissformayor.com,"{'Fix any of the following:\n  Element has insufficient color contrast of 3.89 (foreground color: #818181, background color: #ffffff, font size: 12.0pt, font weight: normal). Expected contrast ratio of 4.5:1': '<div class=""paragraph"" style=""text-align:center;"">Send us what issues, ideas and concerns you would like Doctor Bliss to address.&nbsp; &nbsp;</div>', 'Fix any of the following:\n  Element has insufficient color contrast of 3.89 (foreground color: #818181, background color: #ffffff, font size: 12.0pt, font weight: bold). Expected contrast ratio of 4.5:1': '<strong>Nullify any section of the police union contract that limits accountability and oversight.&nbsp;</strong>', 'Fix any of the following:\n  Element has insufficient color contrast of 2.41 (foreground color: #a7a7a7, background color: #ffffff, font size: 12.0pt, font weight: normal). Expected contrast ratio of 4.5:1': '<a href=""https://www.doctorblissformayor.com/compassion.html"">READ MORE</a>', 'Fix any of the following:\n  Element has insufficient color contrast of 3.03 (foreground color: #949494, background color: #ffffff, font size: 12.0pt, font weight: normal). Expected contrast ratio of 4.5:1': '<a href=""https://www.doctorblissformayor.com/wise-action.html"" target=""_blank"">READ MORE</a>', 'Fix any of the following:\n  Element has insufficient color contrast of 3.73 (foreground color: #818181, background color: #fafafa, font size: 9.8pt, font weight: bold). Expected contrast ratio of 4.5:1': '<font size=""2"">Not registered to vote? <a href=""https://kingcounty.gov/depts/elections/how-to-vote.aspx"" target=""_blank"">It\'s not too late. Click Here.</a></font>', 'Fix any of the following:\n  Element has insufficient color contrast of 2.35 (foreground color: #a5a5a5, background color: #fafafa, font size: 9.8pt, font weight: bold). Expected contrast ratio of 4.5:1': '<a href=""https://kingcounty.gov/depts/elections/how-to-vote.aspx"" target=""_blank"">It\'s not too late. Click Here.</a>', 'Fix any of the following:\n  Element has insufficient color contrast of 3.73 (foreground color: #818181, background color: #fafafa, font size: 12.0pt, font weight: normal). Expected contrast ratio of 4.5:1': '<span style=""color:rgb(129, 129, 129)"">Too many people working in Seattle are not housed in the city and have to leave because they can’t afford to live in Seattle.</span>', 'Fix any of the following:\n  Element has insufficient color contrast of 3.17 (foreground color: #818181, background color: #e8e8e8, font size: 12.0pt, font weight: normal). Expected contrast ratio of 4.5:1': '<div class=""paragraph"">MORE ON TREES IN SEATTLE</div>', 'Fix any of the following:\n  Element has insufficient color contrast of 1.68 (foreground color: #b4b4b4, background color: #e8e8e8, font size: 12.0pt, font weight: normal). Expected contrast ratio of 4.5:1': '<span style=""color:rgb(129, 129, 129)"">MORE ON BUILDING BACK TRUST</span>', 'Fix any of the following:\n  Element has insufficient color contrast of 3.61 (foreground color: #818181, background color: #f4f7f8, font size: 12.0pt, font weight: normal). Expected contrast ratio of 4.5:1': '<span>If we want more trees, we need to make different choices and reward people who plant and nurture trees, not punish them.</span>'}"
2,MAYOR,Bliss,3,Ensures every id attribute value is unique,id attribute value must be unique,https://dequeuniversity.com/rules/axe/3.1/duplicate-id?application=axeAPI,duplicate-id,minor,"['cat.parsing', 'wcag2a', 'wcag411']",www.doctorblissformayor.com,"{'Fix any of the following:\n  Document has multiple static elements with the same id attribute': '<li id=""wsite-nav-513178003606379500"" class=""wsite-menu-subitem-wrap "">\n\t<a href=""/wise-action.html"" class=""wsite-menu-subitem"">\n\t\t<span class=""wsite-menu-title"">\n\t\t\tWise Action\n\t\t</span>\n\t</a>\n\t\n</li>'}"
3,MAYOR,Bliss,4,Ensures <iframe> and <frame> elements contain a non-empty title attribute,Frames must have title attribute,https://dequeuniversity.com/rules/axe/3.1/frame-title?application=axeAPI,frame-title,serious,"['cat.text-alternatives', 'wcag2a', 'wcag241', 'wcag412', 'section508', 'section508.22.i']",www.doctorblissformayor.com,"{'Fix any of the following:\n  aria-label attribute does not exist or is empty\n  aria-labelledby attribute does not exist, references elements that do not exist or references elements that are empty\n  Element has no title attribute or the title attribute is empty\n  Element\'s default semantics were not overridden with role=""presentation""\n  Element\'s default semantics were not overridden with role=""none""': '<iframe allowtransparency=""true"" allowfullscreen=""true"" scrolling=""no"" id=""video-iframe-237766808929014676"" src=""about:blank"" style=""opacity: 0;"" frameborder=""0"">\n\t\t\t\t\t\t</iframe>'}"
4,MAYOR,Bliss,5,Ensures every form element has a label,Form elements must have labels,https://dequeuniversity.com/rules/axe/3.1/label?application=axeAPI,label,critical,"['cat.forms', 'wcag2a', 'wcag332', 'wcag131', 'section508', 'section508.22.n']",www.doctorblissformayor.com,"{'Fix all of the following:\n  Form element has explicit <label> that is hidden': '<input aria-required=""true"" id=""input-618291812906796378-1"" class=""wsite-form-input wsite-input"" placeholder=""Last"" type=""text"" name=""_u618291812906796378[last]"">'}"
5,MAYOR,Bliss,6,Ensures the page has only one main landmark and each iframe in the page has at most one main landmark,Page must have one main landmark,https://dequeuniversity.com/rules/axe/3.1/landmark-one-main?application=axeAPI,landmark-one-main,moderate,"['cat.semantics', 'best-practice']",www.doctorblissformayor.com,"{'Fix all of the following:\n  Page does not have a main landmark': '<html class=""wf-brandongrotesque-n4-active wf-brandongrotesque-n9-active wf-brandongrotesque-i9-active wf-brandongrotesque-i4-active wf-active"" lang=""en"">'}"
6,MAYOR,Bliss,7,Ensures that lists are structured correctly,"<ul> and <ol> must only directly contain <li>, <script> or <template> elements",https://dequeuniversity.com/rules/axe/3.1/list?application=axeAPI,list,serious,"['cat.structure', 'wcag2a', 'wcag131']",www.doctorblissformayor.com,"{'Fix all of the following:\n  List element has direct children that are not allowed inside <li> elements': '<ul class=""formlist"" id=""397946145339963049-form-list"">'}"
7,MAYOR,Bliss,8,"Ensure that the page, or at least one of its frames contains a level-one heading",Page must contain a level-one heading,https://dequeuniversity.com/rules/axe/3.1/page-has-heading-one?application=axeAPI,page-has-heading-one,moderate,"['cat.semantics', 'best-practice']",www.doctorblissformayor.com,"{'Fix all of the following:\n  Page must have a level-one heading': '<html class=""wf-brandongrotesque-n4-active wf-brandongrotesque-n9-active wf-brandongrotesque-i9-active wf-brandongrotesque-i4-active wf-active"" lang=""en"">'}"
8,MAYOR,Bliss,9,Ensures all page content is contained by landmarks,All page content must be contained by landmarks,https://dequeuniversity.com/rules/axe/3.1/region?application=axeAPI,region,moderate,"['cat.keyboard', 'best-practice']",www.doctorblissformayor.com,"{'Fix any of the following:\n  Some page content is not contained by landmarks': '<html class=""wf-brandongrotesque-n4-active wf-brandongrotesque-n9-active wf-brandongrotesque-i9-active wf-brandongrotesque-i4-active wf-active"" lang=""en"">'}"
9,MAYOR,Donaldson,1,Ensures the contrast between foreground and background colors meets WCAG 2 AA contrast ratio thresholds,Elements must have sufficient color contrast,https://dequeuniversity.com/rules/axe/3.1/color-contrast?application=axeAPI,color-contrast,serious,"['cat.color', 'wcag2aa', 'wcag143']",https://teamdonaldson.org/,"{'Fix any of the following:\n  Element has insufficient color contrast of 3.56 (foreground color: #deb403, background color: #0b663c, font size: 15.0pt, font weight: normal). Expected contrast ratio of 4.5:1': '<a href=""https://teamdonaldson.org/"" aria-current=""page"">Home</a>', 'Fix any of the following:\n  Element has insufficient color contrast of 4.33 (foreground color: #b6d1c5, background color: #0b663c, font size: 15.0pt, font weight: normal). Expected contrast ratio of 4.5:1': '<a href=""https://teamdonaldson.org/about/"">About</a>', 'Fix any of the following:\n  Element has insufficient color contrast of 1.97 (foreground color: #ffffff, background color: #deb403, font size: 15.0pt, font weight: normal). Expected contrast ratio of 4.5:1': '<a id=""popit"" class=""et_pb_button et_pb_button_0 et_pb_bg_layout_light"" href=""#dvp"" data-trigger-click=""dvp"">Join The Democracy Voucher Program</a>', 'Fix any of the following:\n  Element has insufficient color contrast of 1.97 (foreground color: #deb403, background color: #ffffff, font size: 12.0pt, font weight: normal). Expected contrast ratio of 4.5:1': '<a class=""twitter-timeline"" data-width=""340"" data-height=""500"" href=""https://twitter.com/TeamDonaldson21?ref_src=twsrc%5Etfw"">Tweets by TeamDonaldson21</a>'}"
10,MAYOR,Donaldson,2,Ensures every id attribute value is unique,id attribute value must be unique,https://dequeuniversity.com/rules/axe/3.1/duplicate-id?application=axeAPI,duplicate-id,minor,"['cat.parsing', 'wcag2a', 'wcag411']",https://teamdonaldson.org/,"{'Fix any of the following:\n  Document has multiple static elements with the same id attribute': '<div id=""et-boc"" class=""et-boc"">'}"
11,MAYOR,Donaldson,3,Ensures <iframe> and <frame> elements contain a non-empty title attribute,Frames must have title attribute,https://dequeuniversity.com/rules/axe/3.1/frame-title?application=axeAPI,frame-title,serious,"['cat.text-alternatives', 'wcag2a', 'wcag241', 'wcag412', 'section508', 'section508.22.i']",https://teamdonaldson.org/,"{'Fix any of the following:\n  aria-label attribute does not exist or is empty\n  aria-labelledby attribute does not exist, references elements that do not exist or references elements that are empty\n  Element has no title attribute or the title attribute is empty\n  Element\'s default semantics were not overridden with role=""presentation""\n  Element\'s default semantics were not overridden with role=""none""': '<iframe loading=""lazy"" src=""https://www.facebook.com/plugins/page.php?href=https%3A%2F%2Fwww.facebook.com%2F107276601417092&amp;tabs=timeline&amp;width=340&amp;height=500&amp;small_header=false&amp;adapt_container_width=true&amp;hide_cover=false&amp;show_facepile=true&amp;appId"" style=""border:none;overflow:hidden"" scrolling=""no"" allowtransparency=""true"" allow=""encrypted-media"" width=""340"" height=""500"" frameborder=""0"">'}"
12,MAYOR,Donaldson,4,Ensures the order of headings is semantically correct,Heading levels should only increase by one,https://dequeuniversity.com/rules/axe/3.1/heading-order?application=axeAPI,heading-order,moderate,"['cat.semantics', 'best-practice']",https://teamdonaldson.org/,"{'Fix any of the following:\n  Heading order invalid': '<h3 style=""text-align: center;"">James “Dukes” Donaldson Launches Campaign to Unite Seattle as Our Next Mayor</h3>'}"
13,MAYOR,Donaldson,5,Ensures that every form element is not solely labeled using the title or aria-describedby attributes,Form elements should have a visible label,https://dequeuniversity.com/rules/axe/3.1/label-title-only?application=axeAPI,label-title-only,serious,"['cat.forms', 'best-practice']",https://teamdonaldson.org/,"{'Fix all of the following:\n  Only title used to generate label for form element': '<input type=""search"" class=""et-search-field"" placeholder=""Search …"" value="""" name=""s"" title=""Search for:"">'}"
14,MAYOR,Donaldson,6,Ensures the page has only one main landmark and each iframe in the page has at most one main landmark,Page must have one main landmark,https://dequeuniversity.com/rules/axe/3.1/landmark-one-main?application=axeAPI,landmark-one-main,moderate,"['cat.semantics', 'best-practice']",https://teamdonaldson.org/,"{'Fix all of the following:\n  Page does not have a main landmark': '<html class=""js"" lang=""en-US"">'}"
15,MAYOR,Donaldson,7,Ensures links have discernible text,Links must have discernible text,https://dequeuniversity.com/rules/axe/3.1/link-name?application=axeAPI,link-name,serious,"['cat.name-role-value', 'wcag2a', 'wcag412', 'wcag244', 'section508', 'section508.22.a']",https://teamdonaldson.org/,"{'Fix all of the following:\n  Element is in tab order and does not have accessible text\n\nFix any of the following:\n  Element does not have text that is visible to screen readers\n  aria-label attribute does not exist or is empty\n  aria-labelledby attribute does not exist, references elements that do not exist or references elements that are empty\n  Element\'s default semantics were not overridden with role=""presentation""\n  Element\'s default semantics were not overridden with role=""none""': '<a href=""https://twitter.com/TeamDonaldson21"" class=""icon"">\n\t\t\t<span>Twitter</span>\n\t\t</a>'}"
16,MAYOR,Donaldson,8,"Ensures <meta name=""viewport""> does not disable text scaling and zooming",Zooming and scaling must not be disabled,https://dequeuniversity.com/rules/axe/3.1/meta-viewport?application=axeAPI,meta-viewport,critical,"['cat.sensory-and-visual-cues', 'wcag2aa', 'wcag144']",https://teamdonaldson.org/,"{'Fix any of the following:\n  maximum-scale on <meta> tag disables zooming on mobile devices': '<meta name=""viewport"" content=""width=device-width, initial-scale=1.0, maximum-scale=1.0, user-scalable=0"">'}"
17,MAYOR,Donaldson,9,Ensures all page content is contained by landmarks,All page content must be contained by landmarks,https://dequeuniversity.com/rules/axe/3.1/region?application=axeAPI,region,moderate,"['cat.keyboard', 'best-practice']",https://teamdonaldson.org/,"{'Fix any of the following:\n  Some page content is not contained by landmarks': '<html class=""js"" lang=""en-US"">'}"
18,MAYOR,Donaldson,10,Ensure all skip links have a focusable target,The skip-link target should exist and be focusable,https://dequeuniversity.com/rules/axe/3.1/skip-link?application=axeAPI,skip-link,moderate,"['cat.keyboard', 'best-practice']",https://teamdonaldson.org/,"{'Fix any of the following:\n  No skip link target': '<a id=""popit"" class=""et_pb_button et_pb_button_0 et_pb_bg_layout_light"" href=""#dvp"" data-trigger-click=""dvp"">Join The Democracy Voucher Program</a>'}"
19,MAYOR,Echohawk,1,Ensures role attribute has an appropriate value for the element,ARIA role must be appropriate for the element,https://dequeuniversity.com/rules/axe/3.1/aria-allowed-role?application=axeAPI,aria-allowed-role,minor,"['cat.aria', 'best-practice']",https://www.echohawkforseattle.com/,"{'Fix any of the following:\n  role main  is not allowed for given element': '<main id=""page"" class=""container"" role=""main"">'}"
20,MAYOR,Echohawk,2,Ensures the contrast between foreground and background colors meets WCAG 2 AA contrast ratio thresholds,Elements must have sufficient color contrast,https://dequeuniversity.com/rules/axe/3.1/color-contrast?application=axeAPI,color-contrast,serious,"['cat.color', 'wcag2aa', 'wcag143']",https://www.echohawkforseattle.com/,"{'Fix any of the following:\n  Element has insufficient color contrast of 2.19 (foreground color: #ffffff, background color: #38c0c9, font size: 10.8pt, font weight: bold). Expected contrast ratio of 4.5:1': '<a href=""/donate"" target=""_blank"">Click Here to Donate!</a>', 'Fix any of the following:\n  Element has insufficient color contrast of 2.87 (foreground color: #f37060, background color: #ffffff, font size: 12.0pt, font weight: normal). Expected contrast ratio of 4.5:1': '<a href=""https://na4.documents.adobe.com/public/esignWidget?wid=CBFCIBAA3AAABLblqZhCgqrnD3MGWruDZVNEhqHwu0QsUdHF4reXTgCTwxwJkQeeADxVt7dikxgm4Y_u923M%2A"" class=""sqs-block-button-element--medium sqs-block-button-element"" target=""_blank"" data-initialized=""true"">Donate Vouchers</a>', 'Fix any of the following:\n  Element has insufficient color contrast of 2.19 (foreground color: #ffffff, background color: #38c0c9, font size: 10.8pt, font weight: normal). Expected contrast ratio of 4.5:1': '<a class=""btn btn--border theme-btn--primary-inverse"" href=""/donate"" target=""_blank"">\n                  Donate \n                </a>', 'Fix any of the following:\n  Element has insufficient color contrast of 2.87 (foreground color: #f37060, background color: #ffffff, font size: 38.4pt, font weight: bold). Expected contrast ratio of 3:1': '<h2 style=""text-align:center;white-space:pre-wrap;"">A New Generation of Leadership</h2>', 'Fix any of the following:\n  Element has insufficient color contrast of 2.19 (foreground color: #ffffff, background color: #38c0c9, font size: 13.2pt, font weight: normal). Expected contrast ratio of 4.5:1': '<a href=""https://na4.documents.adobe.com/public/esignWidget?wid=CBFCIBAA3AAABLblqZhCgqrnD3MGWruDZVNEhqHwu0QsUdHF4reXTgCTwxwJkQeeADxVt7dikxgm4Y_u923M%2A"" class=""sqs-block-button-element--large sqs-block-button-element"" target=""_blank"" data-initialized=""true"">', 'Fix any of the following:\n  Element has insufficient color contrast of 2.19 (foreground color: #38c0c9, background color: #ffffff, font size: 38.4pt, font weight: bold). Expected contrast ratio of 3:1': '<h2 style=""white-space:pre-wrap;"">Democracy Vouchers</h2>', 'Fix any of the following:\n  Element has insufficient color contrast of 2.19 (foreground color: #38c0c9, background color: #ffffff, font size: 12.0pt, font weight: bold). Expected contrast ratio of 4.5:1': '<strong>info@echohawkforseattle.com</strong>', 'Fix any of the following:\n  Element has insufficient color contrast of 2.87 (foreground color: #ffffff, background color: #f37060, font size: 12.0pt, font weight: normal). Expected contrast ratio of 4.5:1': '<a href=""/people-first-platform"" class=""sqs-block-button-element--medium sqs-block-button-element"" target=""_blank"" data-initialized=""true"">Read more</a>'}"
21,MAYOR,Echohawk,3,"Ensure that the page, or at least one of its frames contains a level-one heading",Page must contain a level-one heading,https://dequeuniversity.com/rules/axe/3.1/page-has-heading-one?application=axeAPI,page-has-heading-one,moderate,"['cat.semantics', 'best-practice']",https://www.echohawkforseattle.com/,"{'Fix all of the following:\n  Page must have a level-one heading': '<html xmlns:og=""http://opengraphprotocol.org/schema/"" xmlns:fb=""http://www.facebook.com/2008/fbml"" class=""yui3-js-enabled js-focus-visible js flexbox canvas canvastext webgl no-touch hashchange history draganddrop rgba hsla multiplebgs backgroundsize borderimage borderradius boxshadow textshadow opacity cssanimations csscolumns cssgradients no-cssreflections csstransforms no-csstransforms3d csstransitions video audio svg inlinesvg svgclippaths"" data-js-focus-visible="""" id=""yui_3_17_2_1_1629754965935_121"" lang=""en-US"">'}"
22,MAYOR,Echohawk,4,Ensures tabindex attribute values are not greater than 0,Elements should not have tabindex greater than zero,https://dequeuniversity.com/rules/axe/3.1/tabindex?application=axeAPI,tabindex,serious,"['cat.keyboard', 'best-practice']",https://www.echohawkforseattle.com/,"{'Fix any of the following:\n  Element has a tabindex greater than 0': '<a href=""#page"" tabindex=""1"" class=""header-skip-link"">\n      Skip to Content\n    </a>'}"
23,MAYOR,Farrell,1,Ensures role attribute has an appropriate value for the element,ARIA role must be appropriate for the element,https://dequeuniversity.com/rules/axe/3.1/aria-allowed-role?application=axeAPI,aria-allowed-role,minor,"['cat.aria', 'best-practice']",jessynformayor.com,"{'Fix any of the following:\n  role banner  is not allowed for given element': '<header id=""site-header"" class=""site-header bg-brand-blue text-white w-full relative"" role=""banner"" style=""z-index:900;"">', 'Fix any of the following:\n  role navigation  is not allowed for given element': '<nav class=""mobile-menu block"" aria-label=""Mobile"" role=""navigation"">'}"
24,MAYOR,Farrell,2,Ensures the contrast between foreground and background colors meets WCAG 2 AA contrast ratio thresholds,Elements must have sufficient color contrast,https://dequeuniversity.com/rules/axe/3.1/color-contrast?application=axeAPI,color-contrast,serious,"['cat.color', 'wcag2aa', 'wcag143']",jessynformayor.com,"{'Fix any of the following:\n  Element has insufficient color contrast of 3.9 (foreground color: #ffffff, background color: #ef3a4a, font size: 13.5pt, font weight: normal). Expected contrast ratio of 4.5:1': '<a href=""https://secure.anedot.com/jessyn/donate"" class=""button p-2 mr-2 bg-brand-red"">Donate</a>', 'Fix any of the following:\n  Element has insufficient color contrast of 3.14 (foreground color: #ffffff, background color: #7f9691, font size: 13.5pt, font weight: normal). Expected contrast ratio of 4.5:1': '<span class=""ml-2 -acfblock"">More</span>', 'Fix any of the following:\n  Element has insufficient color contrast of 2.34 (foreground color: #ef3a4a, background color: #364c4c, font size: 13.5pt, font weight: normal). Expected contrast ratio of 4.5:1': '<a href=""https://www.jessynformayor.com/privacy-policy/"">Privacy Policy</a>'}"
25,MAYOR,Farrell,3,Ensures <iframe> and <frame> elements contain a non-empty title attribute,Frames must have title attribute,https://dequeuniversity.com/rules/axe/3.1/frame-title?application=axeAPI,frame-title,serious,"['cat.text-alternatives', 'wcag2a', 'wcag241', 'wcag412', 'section508', 'section508.22.i']",jessynformayor.com,"{'Fix any of the following:\n  aria-label attribute does not exist or is empty\n  aria-labelledby attribute does not exist, references elements that do not exist or references elements that are empty\n  Element has no title attribute or the title attribute is empty\n  Element\'s default semantics were not overridden with role=""presentation""\n  Element\'s default semantics were not overridden with role=""none""': '<iframe src=""https://na3.documents.adobe.com/public/esignWidget?wid=CBFCIBAA3AAABLblqZhBNiqS4If1q9vn_xYEzeO7umhCU37QIypT-uv2C11L7GLQhdNdvJwm0125BEVMmEew*&amp;hosted=false"" style=""border: 0px none; overflow: hidden; min-height: 500px; min-width: 600px; width: 1280px;"" data-origwidth=""100%"" data-origheight=""100%"" width=""100%"" height=""100%"" frameborder=""0"">'}"
26,MAYOR,Farrell,4,Ensures all page content is contained by landmarks,All page content must be contained by landmarks,https://dequeuniversity.com/rules/axe/3.1/region?application=axeAPI,region,moderate,"['cat.keyboard', 'best-practice']",jessynformayor.com,"{'Fix any of the following:\n  Some page content is not contained by landmarks': '<html prefix=""og: https://ogp.me/ns#"" lang=""en-US"">'}"
27,MAYOR,Gonzalez,1,Ensures role attribute has an appropriate value for the element,ARIA role must be appropriate for the element,https://dequeuniversity.com/rules/axe/3.1/aria-allowed-role?application=axeAPI,aria-allowed-role,minor,"['cat.aria', 'best-practice']",lorenaforseattle.com,"{'Fix any of the following:\n  role contentinfo  is not allowed for given element': '<footer id=""footer"" role=""contentinfo"" class=""site-footer main-footer footer-bottom-horizontal"">'}"
28,MAYOR,Gonzalez,2,Ensures the contrast between foreground and background colors meets WCAG 2 AA contrast ratio thresholds,Elements must have sufficient color contrast,https://dequeuniversity.com/rules/axe/3.1/color-contrast?application=axeAPI,color-contrast,serious,"['cat.color', 'wcag2aa', 'wcag143']",lorenaforseattle.com,"{'Fix any of the following:\n  Element has insufficient color contrast of 1.16 (foreground color: #ffffff, background color: #eeeeee, font size: 12.8pt, font weight: normal). Expected contrast ratio of 4.5:1': '<span>Volunteer</span>', 'Fix any of the following:\n  Element has insufficient color contrast of 3.89 (foreground color: #ffffff, background color: #0088cc, font size: 12.0pt, font weight: normal). Expected contrast ratio of 4.5:1': '<a href=""https://www.lorenaforseattle.com/replacementvoucher"">CLICK HERE</a>', 'Fix any of the following:\n  Element has insufficient color contrast of 1.54 (foreground color: #662666, background color: #222222, font size: 18.0pt, font weight: normal). Expected contrast ratio of 3:1': '<h2 class=""widgettitle"">#DreamBigWorkHard</h2>', 'Fix any of the following:\n  Element has insufficient color contrast of 3.3 (foreground color: #727272, background color: #222222, font size: 13.5pt, font weight: normal). Expected contrast ratio of 4.5:1': '<p>Paid for by Lorena for Seattle, PO Box 23011,&nbsp;Seattle, WA 98102</p>', 'Fix any of the following:\n  Element has insufficient color contrast of 4.22 (foreground color: #228cc0, background color: #222222, font size: 13.5pt, font weight: normal). Expected contrast ratio of 4.5:1': '<a class="""" href=""tel:2066515668"">206.651.5668</a>'}"
29,MAYOR,Gonzalez,3,Ensures <iframe> and <frame> elements contain a non-empty title attribute,Frames must have title attribute,https://dequeuniversity.com/rules/axe/3.1/frame-title?application=axeAPI,frame-title,serious,"['cat.text-alternatives', 'wcag2a', 'wcag241', 'wcag412', 'section508', 'section508.22.i']",lorenaforseattle.com,"{'Fix any of the following:\n  aria-label attribute does not exist or is empty\n  aria-labelledby attribute does not exist, references elements that do not exist or references elements that are empty\n  Element has no title attribute or the title attribute is empty\n  Element\'s default semantics were not overridden with role=""presentation""\n  Element\'s default semantics were not overridden with role=""none""': '<iframe allow=""autoplay; fullscreen"" type=""text/html"" src=""https://www.youtube-nocookie.com/embed/xEGWAi-cmP0?version=3&amp;enablejsapi=1&amp;html5=1&amp;hd=1&amp;wmode=opaque&amp;showinfo=0&amp;rel=0&amp;origin=https://lorenaforseattle.com;"" allowfullscreen="""" class=""intrinsic-ignore"" style=""opacity:0;visibility:visible;width:100%;height:100%"" id=""iframe96572"" width=""100%"" height=""100%"">'}"
30,MAYOR,Gonzalez,4,Ensures the page has only one main landmark and each iframe in the page has at most one main landmark,Page must have one main landmark,https://dequeuniversity.com/rules/axe/3.1/landmark-one-main?application=axeAPI,landmark-one-main,moderate,"['cat.semantics', 'best-practice']",lorenaforseattle.com,"{'Fix all of the following:\n  Page does not have a main landmark': '<html class=""no-js js_active  vc_desktop  vc_transform  vc_transform  vc_transform "" style=""margin-top: 69.2px !important"" lang=""en-US"">'}"
31,MAYOR,Gonzalez,5,Ensures links have discernible text,Links must have discernible text,https://dequeuniversity.com/rules/axe/3.1/link-name?application=axeAPI,link-name,serious,"['cat.name-role-value', 'wcag2a', 'wcag412', 'wcag244', 'section508', 'section508.22.a']",lorenaforseattle.com,"{'Fix all of the following:\n  Element is in tab order and does not have accessible text\n\nFix any of the following:\n  Element does not have text that is visible to screen readers\n  aria-label attribute does not exist or is empty\n  aria-labelledby attribute does not exist, references elements that do not exist or references elements that are empty\n  Element\'s default semantics were not overridden with role=""presentation""\n  Element\'s default semantics were not overridden with role=""none""': '<a href=""https://lorenaforseattle.com/wp-content/uploads/2021/01/LG4SEA-1-2-732x1024.jpg"" target=""_blank"" class=""vc_single_image-wrapper vc_box_shadow_border  vc_box_border_grey"">'}"
32,MAYOR,Gonzalez,6,"Ensure that the page, or at least one of its frames contains a level-one heading",Page must contain a level-one heading,https://dequeuniversity.com/rules/axe/3.1/page-has-heading-one?application=axeAPI,page-has-heading-one,moderate,"['cat.semantics', 'best-practice']",lorenaforseattle.com,"{'Fix all of the following:\n  Page must have a level-one heading': '<html class=""no-js js_active  vc_desktop  vc_transform  vc_transform  vc_transform "" style=""margin-top: 69.2px !important"" lang=""en-US"">'}"
33,MAYOR,Gonzalez,7,Ensures all page content is contained by landmarks,All page content must be contained by landmarks,https://dequeuniversity.com/rules/axe/3.1/region?application=axeAPI,region,moderate,"['cat.keyboard', 'best-practice']",lorenaforseattle.com,"{'Fix any of the following:\n  Some page content is not contained by landmarks': '<html class=""no-js js_active  vc_desktop  vc_transform  vc_transform  vc_transform "" style=""margin-top: 69.2px !important"" lang=""en-US"">'}"
34,MAYOR,Harrell,1,Ensures role attribute has an appropriate value for the element,ARIA role must be appropriate for the element,https://dequeuniversity.com/rules/axe/3.1/aria-allowed-role?application=axeAPI,aria-allowed-role,minor,"['cat.aria', 'best-practice']",bruceforseattle.com,"{'Fix any of the following:\n  role presentation  is not allowed for given element': '<button type=""button"" role=""presentation"" class=""owl-next""><span aria-label=""Next"">›</span></button>', 'Fix any of the following:\n  role slider  is not allowed for given element': '<input data-plyr=""volume"" type=""range"" min=""0"" max=""1"" step=""0.05"" value=""1"" autocomplete=""off"" role=""slider"" aria-label=""Volume"" aria-valuemin=""0"" aria-valuemax=""100"" aria-valuenow=""100"" id=""plyr-volume-2348"" aria-valuetext=""100.0%"" style=""--value:100%;"">', 'Fix any of the following:\n  role progressbar  is not allowed for given element': '<progress class=""plyr__progress__buffer"" min=""0"" max=""100"" value=""0"" role=""progressbar"" aria-hidden=""true"">% buffered</progress>'}"
35,MAYOR,Harrell,2,Ensures the contrast between foreground and background colors meets WCAG 2 AA contrast ratio thresholds,Elements must have sufficient color contrast,https://dequeuniversity.com/rules/axe/3.1/color-contrast?application=axeAPI,color-contrast,serious,"['cat.color', 'wcag2aa', 'wcag143']",bruceforseattle.com,"{'Fix any of the following:\n  Element has insufficient color contrast of 3.09 (foreground color: #ffffff, background color: #24a84b, font size: 17.6pt, font weight: normal). Expected contrast ratio of 4.5:1': '<p>We must rebuild the fundamental trust between city government and the people it serves. We need the highest standard of collaboration and vision. The stakes are too high.</p>', 'Fix any of the following:\n  Element has insufficient color contrast of 3.03 (foreground color: #ffffff, background color: #f46a1a, font size: 14.4pt, font weight: normal). Expected contrast ratio of 4.5:1': '<p class=""module__cta--subhead"">', 'Fix any of the following:\n  Element has insufficient color contrast of 2.84 (foreground color: #999999, background color: #ffffff, font size: 9.8pt, font weight: normal). Expected contrast ratio of 4.5:1': '<span class=""sbsw-count"">21</span>'}"
36,MAYOR,Harrell,3,Ensures the order of headings is semantically correct,Heading levels should only increase by one,https://dequeuniversity.com/rules/axe/3.1/heading-order?application=axeAPI,heading-order,moderate,"['cat.semantics', 'best-practice']",bruceforseattle.com,{'Fix any of the following:\n  Heading order invalid': '<h4><em><strong>Join the campaign on social media to hear the latest directly from Bruce!</strong></em></h4>'}
37,MAYOR,Harrell,4,Ensures <img> elements have alternate text or a role of none or presentation,Images must have alternate text,https://dequeuniversity.com/rules/axe/3.1/image-alt?application=axeAPI,image-alt,critical,"['cat.text-alternatives', 'wcag2a', 'wcag111', 'section508', 'section508.22.a']",bruceforseattle.com,"{'Fix any of the following:\n  Element does not have an alt attribute\n  aria-label attribute does not exist or is empty\n  aria-labelledby attribute does not exist, references elements that do not exist or references elements that are empty\n  Element has no title attribute or the title attribute is empty\n  Element\'s default semantics were not overridden with role=""presentation""\n  Element\'s default semantics were not overridden with role=""none""': '<img src=""https://bruceforseattle.com/sbbi/?sbbpg=utMedia&amp;vii=2h94367ebf1afc636e2661b8bff6781ba6347696e55727cd6e9035eac6a3aaebv3pen2y7"">'}"
38,MAYOR,Harrell,5,Ensures every form element has a label,Form elements must have labels,https://dequeuniversity.com/rules/axe/3.1/label?application=axeAPI,label,critical,"['cat.forms', 'wcag2a', 'wcag332', 'wcag131', 'section508', 'section508.22.n']",bruceforseattle.com,"{'Fix all of the following:\n  Form element has explicit <label> that is hidden': '<input name=""input_1"" id=""input_1_1"" type=""text"" value="""" class=""large"" placeholder=""email@domain.com"" aria-required=""true"" aria-invalid=""false"">'}"
39,MAYOR,Harrell,6,Ensures links have discernible text,Links must have discernible text,https://dequeuniversity.com/rules/axe/3.1/link-name?application=axeAPI,link-name,serious,"['cat.name-role-value', 'wcag2a', 'wcag412', 'wcag244', 'section508', 'section508.22.a']",bruceforseattle.com,"{'Fix all of the following:\n  Element is in tab order and does not have accessible text\n\nFix any of the following:\n  Element does not have text that is visible to screen readers\n  aria-label attribute does not exist or is empty\n  aria-labelledby attribute does not exist, references elements that do not exist or references elements that are empty\n  Element\'s default semantics were not overridden with role=""presentation""\n  Element\'s default semantics were not overridden with role=""none""': '<a href=""https://twitter.com/bruceforseattle/status/1427727757778292740"" target=""_blank"" rel=""noopener noreferrer nofollow"">'}"
40,MAYOR,Harrell,7,"Ensure that the page, or at least one of its frames contains a level-one heading",Page must contain a level-one heading,https://dequeuniversity.com/rules/axe/3.1/page-has-heading-one?application=axeAPI,page-has-heading-one,moderate,"['cat.semantics', 'best-practice']",bruceforseattle.com,"{'Fix all of the following:\n  Page must have a level-one heading': '<html class=""fontawesome-i2svg-active fontawesome-i2svg-complete"" lang=""en-US"">'}"
41,MAYOR,Harrell,8,Ensures all page content is contained by landmarks,All page content must be contained by landmarks,https://dequeuniversity.com/rules/axe/3.1/region?application=axeAPI,region,moderate,"['cat.keyboard', 'best-practice']",bruceforseattle.com,"{'Fix any of the following:\n  Some page content is not contained by landmarks': '<html class=""fontawesome-i2svg-active fontawesome-i2svg-complete"" lang=""en-US"">'}"
42,MAYOR,Houston,1,Ensures role attribute has an appropriate value for the element,ARIA role must be appropriate for the element,https://dequeuniversity.com/rules/axe/3.1/aria-allowed-role?application=axeAPI,aria-allowed-role,minor,"['cat.aria', 'best-practice']",www.agh4sea.com,"{'Fix any of the following:\n  role main  is not allowed for given element': '<main id=""page"" class=""container"" role=""main"">', 'Fix any of the following:\n  role listbox  is not allowed for given element': '<aside data-wg-notranslate="""" tabindex=""0"" aria-expanded=""false"" role=""listbox"" class=""weglot_switcher wg-drop country-selector closed"" aria-activedescendant=""weglot-language-en"" aria-label=""Language selected: English"">', 'Fix any of the following:\n  role none  is not allowed for given element': '<img src=""https://cdn.weglot.com/flags/square/vn.svg"" alt=""Tiếng Việt flag"" role=""none"" class="" wg-flag"" width=""24"" height=""24"">'}"
43,MAYOR,Houston,2,Ensures the contrast between foreground and background colors meets WCAG 2 AA contrast ratio thresholds,Elements must have sufficient color contrast,https://dequeuniversity.com/rules/axe/3.1/color-contrast?application=axeAPI,color-contrast,serious,"['cat.color', 'wcag2aa', 'wcag143']",www.agh4sea.com,"{'Fix any of the following:\n  Element has insufficient color contrast of 2.24 (foreground color: #adadad, background color: #ffffff, font size: 13.1pt, font weight: bold). Expected contrast ratio of 4.5:1': '<a href=""/about"" data-animation-role=""header-element"" class=""preSlide slideIn"" style=""transition-timing-function: ease; transition-duration: 0.6s; transition-delay: 0.0227848s;"">\n        \n        About\n      </a>', 'Fix any of the following:\n  Element has insufficient color contrast of 2.06 (foreground color: #b4b4b4, background color: #ffffff, font size: 13.1pt, font weight: bold). Expected contrast ratio of 4.5:1': '<a href=""/donate"" data-animation-role=""header-element"" class=""preSlide slideIn"" style=""transition-timing-function: ease; transition-duration: 0.6s; transition-delay: 0.0303797s;"">\n        \n        Donate\n      </a>', 'Fix any of the following:\n  Element has insufficient color contrast of 1.9 (foreground color: #bcbcbc, background color: #ffffff, font size: 13.1pt, font weight: bold). Expected contrast ratio of 4.5:1': '<a href=""/volunteer"" data-animation-role=""header-element"" class=""preSlide slideIn"" style=""transition-timing-function: ease; transition-duration: 0.6s; transition-delay: 0.0379747s;"">\n        \n        Volunteer\n      </a>', 'Fix any of the following:\n  Element has insufficient color contrast of 1.76 (foreground color: #c3c3c3, background color: #ffffff, font size: 13.1pt, font weight: bold). Expected contrast ratio of 4.5:1': '<a href=""/events"" data-animation-role=""header-element"" class=""preSlide slideIn"" style=""transition-timing-function: ease; transition-duration: 0.6s; transition-delay: 0.0455696s;"">\n        \n        Events\n      </a>', 'Fix any of the following:\n  Element has insufficient color contrast of 1.64 (foreground color: #cacaca, background color: #ffffff, font size: 13.1pt, font weight: bold). Expected contrast ratio of 4.5:1': '<a href=""/vote"" data-animation-role=""header-element"" class=""preSlide slideIn"" style=""transition-timing-function: ease; transition-duration: 0.6s; transition-delay: 0.0531646s;"">\n        \n        Vote\n      </a>', 'Fix any of the following:\n  Element has insufficient color contrast of 1.53 (foreground color: #d1d1d1, background color: #ffffff, font size: 13.1pt, font weight: bold). Expected contrast ratio of 4.5:1': '<a href=""/policy"" data-animation-role=""header-element"" class=""preSlide slideIn"" style=""transition-timing-function: ease; transition-duration: 0.6s; transition-delay: 0.0607595s;"">\n        \n        Policy\n      </a>', 'Fix any of the following:\n  Element has insufficient color contrast of 1.43 (foreground color: #d7d7d7, background color: #ffffff, font size: 13.1pt, font weight: bold). Expected contrast ratio of 4.5:1': '<a href=""/endorse"" data-animation-role=""header-element"" class=""preSlide slideIn"" style=""transition-timing-function: ease; transition-duration: 0.6s; transition-delay: 0.0683544s;"">\n        \n        Endorsements\n      </a>', 'Fix any of the following:\n  Element has insufficient color contrast of 1.35 (foreground color: #dddddd, background color: #ffffff, font size: 13.1pt, font weight: bold). Expected contrast ratio of 4.5:1': '<a href=""/democracy-voucher"" data-animation-role=""header-element"" class=""preSlide slideIn"" style=""transition-timing-function: ease; transition-duration: 0.6s; transition-delay: 0.0759494s;"">\n        \n        Democracy Vouchers\n      </a>', 'Fix any of the following:\n  Element has insufficient color contrast of 1.28 (foreground color: #e3e3e3, background color: #ffffff, font size: 13.1pt, font weight: bold). Expected contrast ratio of 4.5:1': '<a href=""/contact"" data-animation-role=""header-element"" class=""preSlide slideIn"" style=""transition-timing-function: ease; transition-duration: 0.6s; transition-delay: 0.0835443s;"">\n        \n        Contact\n      </a>', 'Fix any of the following:\n  Element has insufficient color contrast of 1.22 (foreground color: #e8e8e8, background color: #ffffff, font size: 13.1pt, font weight: bold). Expected contrast ratio of 4.5:1': '<a class=""header-nav-folder-title preSlide slideIn"" href=""/press-1"" tabindex=""-1"" data-animation-role=""header-element"" style=""transition-timing-function: ease; transition-duration: 0.6s; transition-delay: 0.0911392s;"">Press</a>', 'Fix any of the following:\n  Element has insufficient color contrast of 1.17 (foreground color: #ececec, background color: #ffffff, font size: 13.1pt, font weight: bold). Expected contrast ratio of 4.5:1': '<a href=""/newsletter"" data-animation-role=""header-element"" class=""preSlide slideIn"" style=""transition-timing-function: ease; transition-duration: 0.6s; transition-delay: 0.0987342s;"">\n        \n        Newsletter\n      </a>', 'Fix any of the following:\n  Element has insufficient color contrast of 1.13 (foreground color: #f1f1f1, background color: #ffffff, font size: 13.1pt, font weight: bold). Expected contrast ratio of 4.5:1': '<a class=""header-nav-folder-title preSlide slideIn"" href=""/teamagh"" tabindex=""-1"" data-animation-role=""header-element"" style=""transition-timing-function: ease; transition-duration: 0.6s; transition-delay: 0.106329s;"">#TeamAGH</a>'}"
44,MAYOR,Houston,3,Ensures the order of headings is semantically correct,Heading levels should only increase by one,https://dequeuniversity.com/rules/axe/3.1/heading-order?application=axeAPI,heading-order,moderate,"['cat.semantics', 'best-practice']",www.agh4sea.com,"{'Fix any of the following:\n  Heading order invalid': '<h4 style=""white-space: pre-wrap; transition-timing-function: ease; transition-duration: 0.6s; transition-delay: 0.448101s;"" class=""preFade"">Youth For Andrew Grant Houston</h4>'}"
45,MAYOR,Houston,4,Ensures all page content is contained by landmarks,All page content must be contained by landmarks,https://dequeuniversity.com/rules/axe/3.1/region?application=axeAPI,region,moderate,"['cat.keyboard', 'best-practice']",www.agh4sea.com,"{'Fix any of the following:\n  Some page content is not contained by landmarks': '<html xmlns:og=""http://opengraphprotocol.org/schema/"" xmlns:fb=""http://www.facebook.com/2008/fbml"" class=""yui3-js-enabled js-focus-visible js flexbox canvas canvastext webgl no-touch hashchange history draganddrop rgba hsla multiplebgs backgroundsize borderimage borderradius boxshadow textshadow opacity cssanimations csscolumns cssgradients no-cssreflections csstransforms no-csstransforms3d csstransitions video audio svg inlinesvg svgclippaths wf-linotypesabon-n4-active wf-linotypesabon-i4-active wf-linotypesabon-n7-active wf-linotypesabon-i7-active wf-active"" translate=""no"" data-js-focus-visible="""" id=""yui_3_17_2_1_1629754997109_75"" lang=""en-US"">'}"
46,MAYOR,Houston,5,Ensures tabindex attribute values are not greater than 0,Elements should not have tabindex greater than zero,https://dequeuniversity.com/rules/axe/3.1/tabindex?application=axeAPI,tabindex,serious,"['cat.keyboard', 'best-practice']",www.agh4sea.com,"{'Fix any of the following:\n  Element has a tabindex greater than 0': '<a href=""#page"" tabindex=""1"" class=""header-skip-link"">\n      Skip to Content\n    </a>'}"
47,MAYOR,Randall,1,Ensures role attribute has an appropriate value for the element,ARIA role must be appropriate for the element,https://dequeuniversity.com/rules/axe/3.1/aria-allowed-role?application=axeAPI,aria-allowed-role,minor,"['cat.aria', 'best-practice']",https://lancerandall2021.com/,"{'Fix any of the following:\n  role navigation  is not allowed for given element': '<nav class=""elementor-nav-menu--dropdown elementor-nav-menu__container"" role=""navigation"" aria-hidden=""true"">'}"
48,MAYOR,Randall,2,Ensures the contrast between foreground and background colors meets WCAG 2 AA contrast ratio thresholds,Elements must have sufficient color contrast,https://dequeuniversity.com/rules/axe/3.1/color-contrast?application=axeAPI,color-contrast,serious,"['cat.color', 'wcag2aa', 'wcag143']",https://lancerandall2021.com/,"{'Fix any of the following:\n  Element has insufficient color contrast of 4.09 (foreground color: #ffffff, background color: #de4a32, font size: 11.3pt, font weight: bold). Expected contrast ratio of 4.5:1': '<span class=""elementor-button-text"">More Details</span>', 'Fix any of the following:\n  Element has insufficient color contrast of 3.58 (foreground color: #f8efde, background color: #de4a32, font size: 9.8pt, font weight: bold). Expected contrast ratio of 4.5:1': '<a href=""https://www.instagram.com/lancerandall21/"" style=""background: rgb(222,74,50);color: rgb(248,239,222);"" target=""_blank"" rel=""noopener nofollow"">', 'Fix any of the following:\n  Element has insufficient color contrast of 2.55 (foreground color: #7a7a7a, background color: #194057, font size: 13.5pt, font weight: normal). Expected contrast ratio of 4.5:1': '<a href=""https://lancerandall2021.com/"" aria-current=""page"" class=""elementor-item elementor-item-active"">Home</a>', 'Fix any of the following:\n  Element has insufficient color contrast of 3.58 (foreground color: #f8efde, background color: #de4a32, font size: 12.0pt, font weight: bold). Expected contrast ratio of 4.5:1': '<span class=""elementor-button-text"">Submit</span>', 'Fix any of the following:\n  Element has insufficient color contrast of 3.05 (foreground color: #738a99, background color: #194057, font size: 13.5pt, font weight: normal). Expected contrast ratio of 4.5:1': '<p class=""elementor-heading-title elementor-size-default"">Paid for by Lance Randall for Seattle Mayor • 1143 Martin Luther King, Jr Way PMB #21 • Seattle, WA 98122</p>'}"
49,MAYOR,Randall,3,Ensures every id attribute value used in ARIA and in labels is unique,IDs used in ARIA and labels must be unique,https://dequeuniversity.com/rules/axe/3.1/duplicate-id-aria?application=axeAPI,duplicate-id-aria,critical,"['cat.parsing', 'wcag2a', 'wcag411']",https://lancerandall2021.com/,"{'Fix any of the following:\n  Document has multiple elements referenced with ARIA with the same id attribute: form-field-email': '<input size=""1"" type=""email"" name=""form_fields[email]"" id=""form-field-email"" class=""elementor-field elementor-size-sm  elementor-field-textual"" placeholder=""Email"" required=""required"" aria-required=""true"">'}"
50,MAYOR,Randall,4,Ensures the order of headings is semantically correct,Heading levels should only increase by one,https://dequeuniversity.com/rules/axe/3.1/heading-order?application=axeAPI,heading-order,moderate,"['cat.semantics', 'best-practice']",https://lancerandall2021.com/,"{'Fix any of the following:\n  Heading order invalid': '<h5 class=""elementor-heading-title elementor-size-default"">For media inquiries contact</h5>'}"
51,MAYOR,Randall,5,Ensures every form element has a label,Form elements must have labels,https://dequeuniversity.com/rules/axe/3.1/label?application=axeAPI,label,critical,"['cat.forms', 'wcag2a', 'wcag332', 'wcag131', 'section508', 'section508.22.n']",https://lancerandall2021.com/,"{'Fix all of the following:\n  Form element has explicit <label> that is hidden': '<input size=""1"" type=""text"" name=""form_fields[last_name]"" id=""form-field-last_name"" class=""elementor-field elementor-size-sm  elementor-field-textual"" placeholder=""Last Name"" required=""required"" aria-required=""true"">', 'Fix all of the following:\n  Form element has multiple <label> elements\n  Form element has explicit <label> that is hidden': '<input size=""1"" type=""email"" name=""form_fields[email]"" id=""form-field-email"" class=""elementor-field elementor-size-sm  elementor-field-textual"" placeholder=""Email"" required=""required"" aria-required=""true"">'}"
52,MAYOR,Randall,6,Ensures the page has only one main landmark and each iframe in the page has at most one main landmark,Page must have one main landmark,https://dequeuniversity.com/rules/axe/3.1/landmark-one-main?application=axeAPI,landmark-one-main,moderate,"['cat.semantics', 'best-practice']",https://lancerandall2021.com/,"{'Fix all of the following:\n  Page does not have a main landmark': '<html class=""jetpack-lazy-images-js-enabled"" lang=""en-US"">'}"
53,MAYOR,Randall,7,"Ensure that the page, or at least one of its frames contains a level-one heading",Page must contain a level-one heading,https://dequeuniversity.com/rules/axe/3.1/page-has-heading-one?application=axeAPI,page-has-heading-one,moderate,"['cat.semantics', 'best-practice']",https://lancerandall2021.com/,"{'Fix all of the following:\n  Page must have a level-one heading': '<html class=""jetpack-lazy-images-js-enabled"" lang=""en-US"">'}"
54,MAYOR,Randall,8,Ensures all page content is contained by landmarks,All page content must be contained by landmarks,https://dequeuniversity.com/rules/axe/3.1/region?application=axeAPI,region,moderate,"['cat.keyboard', 'best-practice']",https://lancerandall2021.com/,"{'Fix any of the following:\n  Some page content is not contained by landmarks': '<html class=""jetpack-lazy-images-js-enabled"" lang=""en-US"">'}"
55,MAYOR,Rivers,1,Ensures buttons have discernible text,Buttons must have discernible text,https://dequeuniversity.com/rules/axe/3.1/button-name?application=axeAPI,button-name,critical,"['cat.name-role-value', 'wcag2a', 'wcag412', 'section508', 'section508.22.a']",https://www.donlrivers.com/,"{'Fix all of the following:\n  Element is in tab order and does not have accessible text\n\nFix any of the following:\n  Element has a value attribute and the value attribute is empty\n  Element has no value attribute or the value attribute is empty\n  Element does not have inner text that is visible to screen readers\n  aria-label attribute does not exist or is empty\n  aria-labelledby attribute does not exist, references elements that do not exist or references elements that are empty\n  Element\'s default semantics were not overridden with role=""presentation""\n  Element\'s default semantics were not overridden with role=""none""\n  Element has no title attribute or the title attribute is empty': '<input type=""submit"" value="" "" style=""background: url(/local_images/go.png) no-repeat scroll 0 0 transparent; border: none; cursor: pointer; height: 24px; padding-top:-4px; margin: 0px 0px 0px 5px; display:inline; vertical-align: middle;width: 27px;"">'}"
56,MAYOR,Rivers,2,Ensures the contrast between foreground and background colors meets WCAG 2 AA contrast ratio thresholds,Elements must have sufficient color contrast,https://dequeuniversity.com/rules/axe/3.1/color-contrast?application=axeAPI,color-contrast,serious,"['cat.color', 'wcag2aa', 'wcag143']",https://www.donlrivers.com/,"{'Fix any of the following:\n  Element has insufficient color contrast of 2.84 (foreground color: #999999, background color: #ffffff, font size: 12.0pt, font weight: normal). Expected contrast ratio of 4.5:1': '<input id=""subZ"" class=""textfield zip-field"" type=""text"" placeholder=""ZIP"">'}"
57,MAYOR,Rivers,3,Ensures every form element has a label,Form elements must have labels,https://dequeuniversity.com/rules/axe/3.1/label?application=axeAPI,label,critical,"['cat.forms', 'wcag2a', 'wcag332', 'wcag131', 'section508', 'section508.22.n']",https://www.donlrivers.com/,"{'Fix any of the following:\n  aria-label attribute does not exist or is empty\n  aria-labelledby attribute does not exist, references elements that do not exist or references elements that are empty\n  Form element does not have an implicit (wrapped) <label>\n  Form element does not have an explicit <label>\n  Element has no title attribute or the title attribute is empty': '<input type=""text"" name=""e"" placeholder=""Email Address"" style=""width: 140px; margin: 10px 0;  display:inline; vertical-align: middle;"">'}"
58,MAYOR,Rivers,4,Ensures the page has only one main landmark and each iframe in the page has at most one main landmark,Page must have one main landmark,https://dequeuniversity.com/rules/axe/3.1/landmark-one-main?application=axeAPI,landmark-one-main,moderate,"['cat.semantics', 'best-practice']",https://www.donlrivers.com/,"{'Fix all of the following:\n  Page does not have a main landmark': '<html style=""height: 100%;"" lang=""en"">'}"
59,MAYOR,Rivers,5,Ensures all page content is contained by landmarks,All page content must be contained by landmarks,https://dequeuniversity.com/rules/axe/3.1/region?application=axeAPI,region,moderate,"['cat.keyboard', 'best-practice']",https://www.donlrivers.com/,"{'Fix any of the following:\n  Some page content is not contained by landmarks': '<html style=""height: 100%;"" lang=""en"">'}"
60,MAYOR,Sixkiller,1,Ensures the contrast between foreground and background colors meets WCAG 2 AA contrast ratio thresholds,Elements must have sufficient color contrast,https://dequeuniversity.com/rules/axe/3.1/color-contrast?application=axeAPI,color-contrast,serious,"['cat.color', 'wcag2aa', 'wcag143']",sixkillerforseattle.com,"{'Fix any of the following:\n  Element has insufficient color contrast of 2.79 (foreground color: #666666, background color: #87bcd7, font size: 13.5pt, font weight: normal). Expected contrast ratio of 4.5:1': '<span style=""font-weight: 400;"">', 'Fix any of the following:\n  Element has insufficient color contrast of 1.68 (foreground color: #87bcd7, background color: #dbf561, font size: 9.0pt, font weight: bold). Expected contrast ratio of 4.5:1': '<h4>Priorities</h4>', 'Fix any of the following:\n  Element has insufficient color contrast of 2.25 (foreground color: #2ea3f2, background color: #dbf561, font size: 10.5pt, font weight: normal). Expected contrast ratio of 4.5:1': '<span style=""font-weight: 400;"">from the U.S. Census Bureau’s 2019 American Community Survey</span>', 'Fix any of the following:\n  Element has insufficient color contrast of 2.67 (foreground color: #666666, background color: #132541, font size: 13.5pt, font weight: normal). Expected contrast ratio of 4.5:1': '<span style=""font-weight: 400;"">', 'Fix any of the following:\n  Element has insufficient color contrast of 2.74 (foreground color: #2ea3f2, background color: #ffffff, font size: 13.5pt, font weight: normal). Expected contrast ratio of 4.5:1': '<a target=""_blank"" class=""c-link"" data-stringify-link=""mailto:hello@sixkillerforseattle.com"" delay=""150"" data-sk=""tooltip_parent"" href=""mailto:hello@sixkillerforseattle.com"" rel=""noopener noreferrer"">hello@sixkillerforseattle.com<span aria-label=""(opens in new tab)""></span></a>', 'Fix any of the following:\n  Element has insufficient color contrast of 2.74 (foreground color: #2ea3f2, background color: #ffffff, font size: 10.5pt, font weight: normal). Expected contrast ratio of 4.5:1': '<a href=""https://na3.documents.adobe.com/public/esignWidget?wid=CBFCIBAA3AAABLblqZhCcamL9vPS09z_eBz90H-9Mr5giyZjyeAyQcyECbbrepe1TpnsZ7BTgJXEPoahs5kQ*"" target=""_blank"" rel=""noopener"">this link here</a>', 'Fix any of the following:\n  Element has insufficient color contrast of 2.26 (foreground color: #2ea3f2, background color: #e8e9ea, font size: 15.0pt, font weight: normal). Expected contrast ratio of 4.5:1': '<a href=""mailto:hello@sixkillerforseattle.com"" target=""_blank"" rel=""noopener"">hello@sixkillerforseattle.com</a>', 'Fix any of the following:\n  Element has insufficient color contrast of 1.69 (foreground color: #87bcd7, background color: #e8e9ea, font size: 12.0pt, font weight: bold). Expected contrast ratio of 4.5:1': '<a target=""_blank"" class=""c-link"" data-stringify-link=""http://www.sixkillerforseattle.com"" delay=""150"" data-sk=""tooltip_parent"" href=""http://www.sixkillerforseattle.com/"" rel=""noopener noreferrer"">www.sixkillerforseattle.com</a>'}"
61,MAYOR,Sixkiller,2,Ensures every id attribute value is unique,id attribute value must be unique,https://dequeuniversity.com/rules/axe/3.1/duplicate-id?application=axeAPI,duplicate-id,minor,"['cat.parsing', 'wcag2a', 'wcag411']",sixkillerforseattle.com,"{'Fix any of the following:\n  Document has multiple static elements with the same id attribute': '<div id=""priorities"" class=""et_pb_section et_pb_section_5 et_pb_with_background et_pb_section_parallax et_pb_fullwidth_section et_section_regular"">'}"
62,MAYOR,Sixkiller,3,Ensures headings have discernible text,Headings must not be empty,https://dequeuniversity.com/rules/axe/3.1/empty-heading?application=axeAPI,empty-heading,minor,"['cat.name-role-value', 'best-practice']",sixkillerforseattle.com,{'Fix any of the following:\n  Element does not have text that is visible to screen readers': '<h4></h4>'}
63,MAYOR,Sixkiller,4,Ensures <iframe> and <frame> elements contain a non-empty title attribute,Frames must have title attribute,https://dequeuniversity.com/rules/axe/3.1/frame-title?application=axeAPI,frame-title,serious,"['cat.text-alternatives', 'wcag2a', 'wcag241', 'wcag412', 'section508', 'section508.22.i']",sixkillerforseattle.com,"{'Fix any of the following:\n  aria-label attribute does not exist or is empty\n  aria-labelledby attribute does not exist, references elements that do not exist or references elements that are empty\n  Element has no title attribute or the title attribute is empty\n  Element\'s default semantics were not overridden with role=""presentation""\n  Element\'s default semantics were not overridden with role=""none""': '<iframe loading=""lazy"" src=""https://na3.documents.adobe.com/public/esignWidget?wid=CBFCIBAA3AAABLblqZhCcamL9vPS09z_eBz90H-9Mr5giyZjyeAyQcyECbbrepe1TpnsZ7BTgJXEPoahs5kQ*&amp;hosted=false"" style=""border: 0; overflow: hidden; min-height: 500px; min-width: 600px;"" width=""100%"" height=""100%"" frameborder=""0"">'}"
64,MAYOR,Sixkiller,5,Ensures the order of headings is semantically correct,Heading levels should only increase by one,https://dequeuniversity.com/rules/axe/3.1/heading-order?application=axeAPI,heading-order,moderate,"['cat.semantics', 'best-practice']",sixkillerforseattle.com,{'Fix any of the following:\n  Heading order invalid': '<h4>our email</h4>'}
65,MAYOR,Sixkiller,6,Ensures that every form element is not solely labeled using the title or aria-describedby attributes,Form elements should have a visible label,https://dequeuniversity.com/rules/axe/3.1/label-title-only?application=axeAPI,label-title-only,serious,"['cat.forms', 'best-practice']",sixkillerforseattle.com,"{'Fix all of the following:\n  Only title used to generate label for form element': '<input type=""search"" class=""et-search-field"" placeholder=""Search …"" value="""" name=""s"" title=""Search for:"">'}"
66,MAYOR,Sixkiller,7,Ensures every form element has a label,Form elements must have labels,https://dequeuniversity.com/rules/axe/3.1/label?application=axeAPI,label,critical,"['cat.forms', 'wcag2a', 'wcag332', 'wcag131', 'section508', 'section508.22.n']",sixkillerforseattle.com,"{'Fix all of the following:\n  Form element has explicit <label> that is hidden': '<textarea name=""et_pb_contact_address_0"" id=""et_pb_contact_address_0"" class=""et_pb_contact_message input"" data-required_mark=""not_required"" data-field_type=""text"" data-original_id=""address"" placeholder=""Address""></textarea>'}"
67,MAYOR,Sixkiller,8,Ensures the page has only one main landmark and each iframe in the page has at most one main landmark,Page must have one main landmark,https://dequeuniversity.com/rules/axe/3.1/landmark-one-main?application=axeAPI,landmark-one-main,moderate,"['cat.semantics', 'best-practice']",sixkillerforseattle.com,"{'Fix all of the following:\n  Page does not have a main landmark': '<html class=""js"" lang=""en-US"">'}"
68,MAYOR,Sixkiller,9,"Ensures <meta name=""viewport""> does not disable text scaling and zooming",Zooming and scaling must not be disabled,https://dequeuniversity.com/rules/axe/3.1/meta-viewport?application=axeAPI,meta-viewport,critical,"['cat.sensory-and-visual-cues', 'wcag2aa', 'wcag144']",sixkillerforseattle.com,"{'Fix any of the following:\n  maximum-scale on <meta> tag disables zooming on mobile devices': '<meta name=""viewport"" content=""width=device-width, initial-scale=1.0, maximum-scale=1.0, user-scalable=0"">'}"
69,MAYOR,Sixkiller,10,Ensures all page content is contained by landmarks,All page content must be contained by landmarks,https://dequeuniversity.com/rules/axe/3.1/region?application=axeAPI,region,moderate,"['cat.keyboard', 'best-practice']",sixkillerforseattle.com,"{'Fix any of the following:\n  Some page content is not contained by landmarks': '<html class=""js"" lang=""en-US"">'}"
70,MAYOR,Tucker,1,Ensures <iframe> and <frame> elements contain a non-empty title attribute,Frames must have title attribute,https://dequeuniversity.com/rules/axe/3.1/frame-title?application=axeAPI,frame-title,serious,"['cat.text-alternatives', 'wcag2a', 'wcag241', 'wcag412', 'section508', 'section508.22.i']",http://bobbyjtucker.com/,"{'Fix any of the following:\n  aria-label attribute does not exist or is empty\n  aria-labelledby attribute does not exist, references elements that do not exist or references elements that are empty\n  Element has no title attribute or the title attribute is empty\n  Element\'s default semantics were not overridden with role=""presentation""\n  Element\'s default semantics were not overridden with role=""none""': '<frame src=""http://www.btcaresforseattleforever.com"" frameborder=""0"">'}"
71,MAYOR,Tucker,2,Ensures every HTML document has a lang attribute,<html> element must have a lang attribute,https://dequeuniversity.com/rules/axe/3.1/html-has-lang?application=axeAPI,html-has-lang,serious,"['cat.language', 'wcag2a', 'wcag311']",http://bobbyjtucker.com/,"{'Fix any of the following:\n  The <html> element does not have a lang attribute': '<html><head>\n  <title>BOBBYJTUCKER.COM</title>  \n  <meta name=""description"" content="""">\n  <meta name=""keywords"" content="""">\n</head>\n<frameset rows=""100%,*"" border=""0"">\n  <frame src=""http://www.btcaresforseattleforever.com"" frameborder=""0"">\n</frameset>\n\n\n</html>'}"
72,MAYOR,Tucker,3,Ensures the page has only one main landmark and each iframe in the page has at most one main landmark,Page must have one main landmark,https://dequeuniversity.com/rules/axe/3.1/landmark-one-main?application=axeAPI,landmark-one-main,moderate,"['cat.semantics', 'best-practice']",http://bobbyjtucker.com/,"{'Fix all of the following:\n  Page does not have a main landmark': '<html><head>\n  <title>BOBBYJTUCKER.COM</title>  \n  <meta name=""description"" content="""">\n  <meta name=""keywords"" content="""">\n</head>\n<frameset rows=""100%,*"" border=""0"">\n  <frame src=""http://www.btcaresforseattleforever.com"" frameborder=""0"">\n</frameset>\n\n\n</html>'}"
73,MAYOR,Tucker,4,"Ensure that the page, or at least one of its frames contains a level-one heading",Page must contain a level-one heading,https://dequeuniversity.com/rules/axe/3.1/page-has-heading-one?application=axeAPI,page-has-heading-one,moderate,"['cat.semantics', 'best-practice']",http://bobbyjtucker.com/,"{'Fix all of the following:\n  Page must have a level-one heading': '<html><head>\n  <title>BOBBYJTUCKER.COM</title>  \n  <meta name=""description"" content="""">\n  <meta name=""keywords"" content="""">\n</head>\n<frameset rows=""100%,*"" border=""0"">\n  <frame src=""http://www.btcaresforseattleforever.com"" frameborder=""0"">\n</frameset>\n\n\n</html>'}"
74,City Attorney,Holmes,1,Ensures the contrast between foreground and background colors meets WCAG 2 AA contrast ratio thresholds,Elements must have sufficient color contrast,https://dequeuniversity.com/rules/axe/3.1/color-contrast?application=axeAPI,color-contrast,serious,"['cat.color', 'wcag2aa', 'wcag143']",holmesforseattle.com,"{'Fix any of the following:\n  Element has insufficient color contrast of 3.52 (foreground color: #3476bb, background color: #ffde02, font size: 12.0pt, font weight: bold). Expected contrast ratio of 4.5:1': '<a href=""https://www.holmesforseattle.com/"" class=""nav-link active"">Home</a>', 'Fix any of the following:\n  Element has insufficient color contrast of 2.77 (foreground color: #9b9b9b, background color: #ffffff, font size: 10.2pt, font weight: normal). Expected contrast ratio of 4.5:1': '<time class=""updated"" datetime=""2021-02-09T20:50:38+00:00"">February 9, 2021</time>', 'Fix any of the following:\n  Element has insufficient color contrast of 4.22 (foreground color: #3476bb, background color: #f2f2f2, font size: 12.0pt, font weight: normal). Expected contrast ratio of 4.5:1': '<span>Load More...</span>'}"
75,City Attorney,Holmes,2,"Ensure that the page, or at least one of its frames contains a level-one heading",Page must contain a level-one heading,https://dequeuniversity.com/rules/axe/3.1/page-has-heading-one?application=axeAPI,page-has-heading-one,moderate,"['cat.semantics', 'best-practice']",holmesforseattle.com,"{'Fix all of the following:\n  Page must have a level-one heading': '<html prefix=""og: https://ogp.me/ns#"" lang=""en-US"">'}"
76,City Attorney,Holmes,3,Ensures all page content is contained by landmarks,All page content must be contained by landmarks,https://dequeuniversity.com/rules/axe/3.1/region?application=axeAPI,region,moderate,"['cat.keyboard', 'best-practice']",holmesforseattle.com,"{'Fix any of the following:\n  Some page content is not contained by landmarks': '<html prefix=""og: https://ogp.me/ns#"" lang=""en-US"">'}"
77,City Attorney,Thomas-Kennedy,1,Ensures role attribute has an appropriate value for the element,ARIA role must be appropriate for the element,https://dequeuniversity.com/rules/axe/3.1/aria-allowed-role?application=axeAPI,aria-allowed-role,minor,"['cat.aria', 'best-practice']",https://ntk4justice.com/,"{'Fix any of the following:\n  role main  is not allowed for given element': '<main id=""page"" class=""container"" role=""main"">'}"
78,City Attorney,Thomas-Kennedy,2,Ensures the contrast between foreground and background colors meets WCAG 2 AA contrast ratio thresholds,Elements must have sufficient color contrast,https://dequeuniversity.com/rules/axe/3.1/color-contrast?application=axeAPI,color-contrast,serious,"['cat.color', 'wcag2aa', 'wcag143']",https://ntk4justice.com/,"{'Fix any of the following:\n  Element has insufficient color contrast of 1.87 (foreground color: #e1b941, background color: #ffffff, font size: 59.2pt, font weight: normal). Expected contrast ratio of 3:1': '<a href=""https://ntk4justice.com/platform"">here</a>'}"
79,City Attorney,Thomas-Kennedy,3,Ensures the order of headings is semantically correct,Heading levels should only increase by one,https://dequeuniversity.com/rules/axe/3.1/heading-order?application=axeAPI,heading-order,moderate,"['cat.semantics', 'best-practice']",https://ntk4justice.com/,"{'Fix any of the following:\n  Heading order invalid': '<h4 style=""text-align:center;white-space:pre-wrap;"">Paid for By<br>NTK For Justice</h4>'}"
80,City Attorney,Thomas-Kennedy,4,Ensures tabindex attribute values are not greater than 0,Elements should not have tabindex greater than zero,https://dequeuniversity.com/rules/axe/3.1/tabindex?application=axeAPI,tabindex,serious,"['cat.keyboard', 'best-practice']",https://ntk4justice.com/,"{'Fix any of the following:\n  Element has a tabindex greater than 0': '<a href=""#page"" tabindex=""1"" class=""header-skip-link"">\n      Skip to Content\n    </a>'}"
81,City Council 8,Glumaz,1,Ensures the contrast between foreground and background colors meets WCAG 2 AA contrast ratio thresholds,Elements must have sufficient color contrast,https://dequeuniversity.com/rules/axe/3.1/color-contrast?application=axeAPI,color-contrast,serious,"['cat.color', 'wcag2aa', 'wcag143']",https://www.glumazforseattlecitycouncil.org/,"{'Fix any of the following:\n  Element has insufficient color contrast of 2.79 (foreground color: #a48f7a, background color: #f5f3f1, font size: 12.0pt, font weight: bold). Expected contrast ratio of 4.5:1': '<font size=""3"" color=""#a48f7a"">CANDIDATE FOR SEATTLE CITY COUNCIL POSITION #8</font>'}"
82,City Council 8,Glumaz,2,Ensures every id attribute value is unique,id attribute value must be unique,https://dequeuniversity.com/rules/axe/3.1/duplicate-id?application=axeAPI,duplicate-id,minor,"['cat.parsing', 'wcag2a', 'wcag411']",https://www.glumazforseattlecitycouncil.org/,"{'Fix any of the following:\n  Document has multiple static elements with the same id attribute': '<li id=""pg972887033882041346"" class=""wsite-menu-item-wrap wsite-nav-7"" style=""position: relative;"">\n\t\t\t<a href=""/ask-paul.html"" class=""wsite-menu-item"" style=""position: relative;"">\n\t\t\t\tAsk Paul\n\t\t\t</a>\n\t\t\t\n\t\t</li>'}"
83,City Council 8,Glumaz,3,Ensures the page has only one main landmark and each iframe in the page has at most one main landmark,Page must have one main landmark,https://dequeuniversity.com/rules/axe/3.1/landmark-one-main?application=axeAPI,landmark-one-main,moderate,"['cat.semantics', 'best-practice']",https://www.glumazforseattlecitycouncil.org/,"{'Fix all of the following:\n  Page does not have a main landmark': '<html lang=""en"">'}"
84,City Council 8,Glumaz,4,"Ensure that the page, or at least one of its frames contains a level-one heading",Page must contain a level-one heading,https://dequeuniversity.com/rules/axe/3.1/page-has-heading-one?application=axeAPI,page-has-heading-one,moderate,"['cat.semantics', 'best-practice']",https://www.glumazforseattlecitycouncil.org/,"{'Fix all of the following:\n  Page must have a level-one heading': '<html lang=""en"">'}"
85,City Council 8,Glumaz,5,Ensures all page content is contained by landmarks,All page content must be contained by landmarks,https://dequeuniversity.com/rules/axe/3.1/region?application=axeAPI,region,moderate,"['cat.keyboard', 'best-practice']",https://www.glumazforseattlecitycouncil.org/,"{'Fix any of the following:\n  Some page content is not contained by landmarks': '<html lang=""en"">'}"
86,City Council 8,Martin,1,Ensures the contrast between foreground and background colors meets WCAG 2 AA contrast ratio thresholds,Elements must have sufficient color contrast,https://dequeuniversity.com/rules/axe/3.1/color-contrast?application=axeAPI,color-contrast,serious,"['cat.color', 'wcag2aa', 'wcag143']",https://electkatemartin.com/,"{'Fix any of the following:\n  Element has insufficient color contrast of 2.34 (foreground color: #ffffff, background color: #4eb3ea, font size: 9.8pt, font weight: normal). Expected contrast ratio of 4.5:1': '<a href=""https://www.poliengine.com"" class=""blue middle-button back-to-builder"" style=""margin: 40px auto 20px;"">\n          Back to PoliEngine\n        </a>'}"
87,City Council 8,Martin,2,Ensures every HTML document has a lang attribute,<html> element must have a lang attribute,https://dequeuniversity.com/rules/axe/3.1/html-has-lang?application=axeAPI,html-has-lang,serious,"['cat.language', 'wcag2a', 'wcag311']",https://electkatemartin.com/,"{'Fix any of the following:\n  The <html> element does not have a lang attribute': '<html itemscope="""" itemtype=""http://schema.org/WebPage"">'}"
88,City Council 8,Martin,3,Ensures the page has only one main landmark and each iframe in the page has at most one main landmark,Page must have one main landmark,https://dequeuniversity.com/rules/axe/3.1/landmark-one-main?application=axeAPI,landmark-one-main,moderate,"['cat.semantics', 'best-practice']",https://electkatemartin.com/,"{'Fix all of the following:\n  Page does not have a main landmark': '<html itemscope="""" itemtype=""http://schema.org/WebPage"">'}"
89,City Council 8,Martin,4,"Ensure that the page, or at least one of its frames contains a level-one heading",Page must contain a level-one heading,https://dequeuniversity.com/rules/axe/3.1/page-has-heading-one?application=axeAPI,page-has-heading-one,moderate,"['cat.semantics', 'best-practice']",https://electkatemartin.com/,"{'Fix all of the following:\n  Page must have a level-one heading': '<html itemscope="""" itemtype=""http://schema.org/WebPage"">'}"
90,City Council 8,Martin,5,Ensures all page content is contained by landmarks,All page content must be contained by landmarks,https://dequeuniversity.com/rules/axe/3.1/region?application=axeAPI,region,moderate,"['cat.keyboard', 'best-practice']",https://electkatemartin.com/,"{'Fix any of the following:\n  Some page content is not contained by landmarks': '<html itemscope="""" itemtype=""http://schema.org/WebPage"">'}"
91,City Council 8,Mosqueda,1,Ensures role attribute has an appropriate value for the element,ARIA role must be appropriate for the element,https://dequeuniversity.com/rules/axe/3.1/aria-allowed-role?application=axeAPI,aria-allowed-role,minor,"['cat.aria', 'best-practice']",teamteresa.org,"{'Fix any of the following:\n  role navigation  is not allowed for given element': '<nav id=""navbar"" class=""navbar-collapse collapse"" role=""navigation"" aria-expanded=""false"">'}"
92,City Council 8,Mosqueda,2,Ensures every id attribute value is unique,id attribute value must be unique,https://dequeuniversity.com/rules/axe/3.1/duplicate-id?application=axeAPI,duplicate-id,minor,"['cat.parsing', 'wcag2a', 'wcag411']",teamteresa.org,"{'Fix any of the following:\n  Document has multiple static elements with the same id attribute': '<div id=""fb-root"" class="" fb_reset""><div style=""position: absolute; top: -10000px; width: 0px; height: 0px;""><div></div></div></div>'}"
93,City Council 8,Mosqueda,3,Ensures links have discernible text,Links must have discernible text,https://dequeuniversity.com/rules/axe/3.1/link-name?application=axeAPI,link-name,serious,"['cat.name-role-value', 'wcag2a', 'wcag412', 'wcag244', 'section508', 'section508.22.a']",teamteresa.org,"{'Fix all of the following:\n  Element is in tab order and does not have accessible text\n\nFix any of the following:\n  Element does not have text that is visible to screen readers\n  aria-label attribute does not exist or is empty\n  aria-labelledby attribute does not exist, references elements that do not exist or references elements that are empty\n  Element\'s default semantics were not overridden with role=""presentation""\n  Element\'s default semantics were not overridden with role=""none""': '<a class=""sbi_photo sbi_imgLiquid_bgSize sbi_imgLiquid_ready"" href=""https://www.instagram.com/p/CSPuTGQBSdE/"" target=""_blank"" rel=""nofollow noopener"" data-full-res=""https://www.teamteresa.org/wp-content/uploads/sb-instagram-feed-images/230364211_1138101916682429_4272458708815034509_nfull.jpg"" data-img-src-set=""{&quot;d&quot;:&quot;https:\\/\\/scontent.cdninstagram.com\\/v\\/t51.29350-15\\/230364211_1138101916682429_4272458708815034509_n.jpg?_nc_cat=111&amp;ccb=1-5&amp;_nc_sid=8ae9d6&amp;_nc_ohc=gWOQYotXah4AX9cgfGx&amp;_nc_ht=scontent.cdninstagram.com&amp;edm=ANo9K5cEAAAA&amp;oh=6d6ed999963977d7cb6daecf7eaf1d17&amp;oe=6123762C&quot;,&quot;150&quot;:&quot;https:\\/\\/scontent.cdninstagram.com\\/v\\/t51.29350-15\\/230364211_1138101916682429_4272458708815034509_n.jpg?_nc_cat=111&amp;ccb=1-5&amp;_nc_sid=8ae9d6&amp;_nc_ohc=gWOQYotXah4AX9cgfGx&amp;_nc_ht=scontent.cdninstagram.com&amp;edm=ANo9K5cEAAAA&amp;oh=6d6ed999963977d7cb6daecf7eaf1d17&amp;oe=6123762C&quot;,&quot;320&quot;:&quot;https:\\/\\/scontent.cdninstagram.com\\/v\\/t51.29350-15\\/230364211_1138101916682429_4272458708815034509_n.jpg?_nc_cat=111&amp;ccb=1-5&amp;_nc_sid=8ae9d6&amp;_nc_ohc=gWOQYotXah4AX9cgfGx&amp;_nc_ht=scontent.cdninstagram.com&amp;edm=ANo9K5cEAAAA&amp;oh=6d6ed999963977d7cb6daecf7eaf1d17&amp;oe=6123762C&quot;,&quot;640&quot;:&quot;https:\\/\\/scontent.cdninstagram.com\\/v\\/t51.29350-15\\/230364211_1138101916682429_4272458708815034509_n.jpg?_nc_cat=111&amp;ccb=1-5&amp;_nc_sid=8ae9d6&amp;_nc_ohc=gWOQYotXah4AX9cgfGx&amp;_nc_ht=scontent.cdninstagram.com&amp;edm=ANo9K5cEAAAA&amp;oh=6d6ed999963977d7cb6daecf7eaf1d17&amp;oe=6123762C&quot;}"" style=""height: 186.333px; background-image: url(&quot;https://www.teamteresa.org/wp-content/uploads/sb-instagram-feed-images/230364211_1138101916682429_4272458708815034509_nlow.jpg&quot;); background-size: cover; background-position: center center; background-repeat: no-repeat; padding-bottom: 0px;"">'}"
94,City Council 8,Mosqueda,4,"Ensure that the page, or at least one of its frames contains a level-one heading",Page must contain a level-one heading,https://dequeuniversity.com/rules/axe/3.1/page-has-heading-one?application=axeAPI,page-has-heading-one,moderate,"['cat.semantics', 'best-practice']",teamteresa.org,"{'Fix all of the following:\n  Page must have a level-one heading': '<html class=""wf-proximanova-n9-active wf-proximanova-i4-active wf-proximanova-n3-active wf-proximanova-i3-active wf-proximanova-i8-active wf-proximanova-n4-active wf-proximanova-n7-active wf-proximanova-n6-active wf-active"" lang=""en-US"">'}"
95,City Council 8,Mosqueda,5,Ensures all page content is contained by landmarks,All page content must be contained by landmarks,https://dequeuniversity.com/rules/axe/3.1/region?application=axeAPI,region,moderate,"['cat.keyboard', 'best-practice']",teamteresa.org,"{'Fix any of the following:\n  Some page content is not contained by landmarks': '<html class=""wf-proximanova-n9-active wf-proximanova-i4-active wf-proximanova-n3-active wf-proximanova-i3-active wf-proximanova-i8-active wf-proximanova-n4-active wf-proximanova-n7-active wf-proximanova-n6-active wf-active"" lang=""en-US"">'}"
96,City Council 8,Tsimerman,1,Ensures role attribute has an appropriate value for the element,ARIA role must be appropriate for the element,https://dequeuniversity.com/rules/axe/3.1/aria-allowed-role?application=axeAPI,aria-allowed-role,minor,"['cat.aria', 'best-practice']",AlexforAmerica.com,"{'Fix any of the following:\n  role banner  is not allowed for given element': '<header id=""masthead"" class=""site-header fixed float-header"" role=""banner"">', 'Fix any of the following:\n  role navigation  is not allowed for given element': '<nav id=""mainnav"" class=""mainnav"" role=""navigation"">', 'Fix any of the following:\n  role main  is not allowed for given element': '<main id=""main"" class=""post-wrap"" role=""main"">', 'Fix any of the following:\n  role contentinfo  is not allowed for given element': '<footer id=""colophon"" class=""site-footer"" role=""contentinfo"">\n\t\t<div class=""site-info container"">\n\t\t\tAlexforamerica.com Copyright 2018\n\t\t\t\n\t\t\t\n\t\t</div><!-- .site-info -->\n\t</footer>'}"
97,City Council 8,Tsimerman,2,Ensures the contrast between foreground and background colors meets WCAG 2 AA contrast ratio thresholds,Elements must have sufficient color contrast,https://dequeuniversity.com/rules/axe/3.1/color-contrast?application=axeAPI,color-contrast,serious,"['cat.color', 'wcag2aa', 'wcag143']",AlexforAmerica.com,"{'Fix any of the following:\n  Element has insufficient color contrast of 4.09 (foreground color: #d65050, background color: #ffffff, font size: 13.5pt, font weight: bold). Expected contrast ratio of 4.5:1': '<a href=""http://alexforamerica.com/index.php/salute-to-the-nation/"">SALUTE TO THE NATION!</a>', 'Fix any of the following:\n  Element has insufficient color contrast of 4.09 (foreground color: #d65050, background color: #ffffff, font size: 10.5pt, font weight: bold). Expected contrast ratio of 4.5:1': '<a href=""http://alexforamerica.com/index.php/about/"">About Alex</a>', 'Fix any of the following:\n  Element has insufficient color contrast of 4.09 (foreground color: #d65050, background color: #ffffff, font size: 10.5pt, font weight: normal). Expected contrast ratio of 4.5:1': '<a href=""https://www.youtube.com/channel/UCyOXVV_XkMc5vTfPYDquieQ"" property=""url"">Youtube</a>'}"
98,City Council 8,Tsimerman,3,Ensures the order of headings is semantically correct,Heading levels should only increase by one,https://dequeuniversity.com/rules/axe/3.1/heading-order?application=axeAPI,heading-order,moderate,"['cat.semantics', 'best-practice']",AlexforAmerica.com,"{'Fix any of the following:\n  Heading order invalid': '<h6>We can restore America back to the people without spending more of the people’s money!&nbsp;With the money that we have in the system, we can all feel comfortable.&nbsp;We need to restore common business sense to the system so everyone can have a equal piece of pie and be&nbsp;<b>HAPPY</b>.</h6>'}"
99,City Council 8,Tsimerman,4,Ensures all page content is contained by landmarks,All page content must be contained by landmarks,https://dequeuniversity.com/rules/axe/3.1/region?application=axeAPI,region,moderate,"['cat.keyboard', 'best-practice']",AlexforAmerica.com,"{'Fix any of the following:\n  Some page content is not contained by landmarks': '<html lang=""en-US"">'}"
100,City Council 9,Echner,1,Ensures the contrast between foreground and background colors meets WCAG 2 AA contrast ratio thresholds,Elements must have sufficient color contrast,https://dequeuniversity.com/rules/axe/3.1/color-contrast?application=axeAPI,color-contrast,serious,"['cat.color', 'wcag2aa', 'wcag143']",https://coreyeichner.com/,"{'Fix any of the following:\n  Element has insufficient color contrast of 3.85 (foreground color: #ffffff, background color: #fb2056, font size: 10.5pt, font weight: bold). Expected contrast ratio of 4.5:1': '<span class=""elementor-button-text"">Learn more</span>', 'Fix any of the following:\n  Element has insufficient color contrast of 3.85 (foreground color: #fb2056, background color: #ffffff, font size: 12.0pt, font weight: normal). Expected contrast ratio of 4.5:1': '<a data-lang="""" href=""https://www.twitter.com/@CoreyEichner"" class=""twitter-timeline"" data-partner=""twitter-deck"" data-height=""500"" data-theme=""light"" data-link-color=""""> Handle @CoreyEichner</a>'}"
101,City Council 9,Echner,2,Ensures every id attribute value is unique,id attribute value must be unique,https://dequeuniversity.com/rules/axe/3.1/duplicate-id?application=axeAPI,duplicate-id,minor,"['cat.parsing', 'wcag2a', 'wcag411']",https://coreyeichner.com/,"{'Fix any of the following:\n  Document has multiple static elements with the same id attribute': '<ul id=""ast-hf-menu-1"" class=""main-header-menu ast-nav-menu ast-flex  submenu-with-border astra-menu-animation-fade  stack-on-mobile"" aria-expanded=""false"">'}"
102,City Council 9,Echner,3,Ensures the order of headings is semantically correct,Heading levels should only increase by one,https://dequeuniversity.com/rules/axe/3.1/heading-order?application=axeAPI,heading-order,moderate,"['cat.semantics', 'best-practice']",https://coreyeichner.com/,"{'Fix any of the following:\n  Heading order invalid': '<h5 class=""elementor-image-box-title"">Qualify</h5>'}"
103,City Council 9,Echner,4,Ensures links have discernible text,Links must have discernible text,https://dequeuniversity.com/rules/axe/3.1/link-name?application=axeAPI,link-name,serious,"['cat.name-role-value', 'wcag2a', 'wcag412', 'wcag244', 'section508', 'section508.22.a']",https://coreyeichner.com/,"{'Fix all of the following:\n  Element is in tab order and does not have accessible text\n\nFix any of the following:\n  Element does not have text that is visible to screen readers\n  aria-label attribute does not exist or is empty\n  aria-labelledby attribute does not exist, references elements that do not exist or references elements that are empty\n  Element\'s default semantics were not overridden with role=""presentation""\n  Element\'s default semantics were not overridden with role=""none""': '<a href=""https://coreyeichner.com/"" class=""custom-logo-link transparent-custom-logo"" rel=""home"" itemprop=""url"">'}"
104,City Council 9,Echner,5,"Ensure that the page, or at least one of its frames contains a level-one heading",Page must contain a level-one heading,https://dequeuniversity.com/rules/axe/3.1/page-has-heading-one?application=axeAPI,page-has-heading-one,moderate,"['cat.semantics', 'best-practice']",https://coreyeichner.com/,"{'Fix all of the following:\n  Page must have a level-one heading': '<html prefix=""og: https://ogp.me/ns#"" lang=""en-US"">'}"
105,City Council 9,Gunther,1,Ensures the contrast between foreground and background colors meets WCAG 2 AA contrast ratio thresholds,Elements must have sufficient color contrast,https://dequeuniversity.com/rules/axe/3.1/color-contrast?application=axeAPI,color-contrast,serious,"['cat.color', 'wcag2aa', 'wcag143']",https://www.xtiangunther.com/,"{'Fix any of the following:\n  Element has insufficient color contrast of 2.17 (foreground color: #6e941e, background color: #84d7e8, font size: 21.8pt, font weight: normal). Expected contrast ratio of 3:1': '<a href=""https://www.xtiangunther.com"" target=""_self"">X marks the vote.</a>', 'Fix any of the following:\n  Element has insufficient color contrast of 1.72 (foreground color: #50a5bf, background color: #84d7e8, font size: 16.5pt, font weight: bold). Expected contrast ratio of 3:1': '<span style=""letter-spacing:0.2em"">Position</span>', 'Fix any of the following:\n  Element has insufficient color contrast of 1.95 (foreground color: #5098bf, background color: #84d7e8, font size: 32.3pt, font weight: bold). Expected contrast ratio of 3:1': '<span style=""letter-spacing:0.2em"">Xtian Gunther</span>', 'Fix any of the following:\n  Element has insufficient color contrast of 2.17 (foreground color: #6e941e, background color: #84d7e8, font size: 9.8pt, font weight: normal). Expected contrast ratio of 4.5:1': '<span>Log In</span>', 'Fix any of the following:\n  Element has insufficient color contrast of 2.17 (foreground color: #6e941e, background color: #84d7e8, font size: 21.0pt, font weight: bold). Expected contrast ratio of 3:1': '<span class=""color_14"">For more information,<br>\nmedia inquiries (etc.) and to volunteer or donate, please leave us a note with a good method for contacting you on the ""Contact"" page.</span>', 'Fix any of the following:\n  Element has insufficient color contrast of 2.17 (foreground color: #6e941e, background color: #84d7e8, font size: 18.0pt, font weight: bold). Expected contrast ratio of 3:1': '<a data-auto-recognition=""true"" href=""https://humanevotersofwa.net/"" target=""_blank"">https://humanevotersofwa.net/</a>', 'Fix any of the following:\n  Element has insufficient color contrast of 2.17 (foreground color: #6e941e, background color: #84d7e8, font size: 14.3pt, font weight: normal). Expected contrast ratio of 4.5:1': '<span class=""color_14"">My endorsements came from organizations that bothered to communicate with my opponents. As it should be.&nbsp;</span>'}"
106,City Council 9,Nelson,1,Ensures role attribute has an appropriate value for the element,ARIA role must be appropriate for the element,https://dequeuniversity.com/rules/axe/3.1/aria-allowed-role?application=axeAPI,aria-allowed-role,minor,"['cat.aria', 'best-practice']",https://www.saraforcitycouncil.com/issues,"{'Fix any of the following:\n  role main  is not allowed for given element': '<main id=""page"" class=""container"" role=""main"">'}"
107,City Council 9,Nelson,2,"Ensure that the page, or at least one of its frames contains a level-one heading",Page must contain a level-one heading,https://dequeuniversity.com/rules/axe/3.1/page-has-heading-one?application=axeAPI,page-has-heading-one,moderate,"['cat.semantics', 'best-practice']",https://www.saraforcitycouncil.com/issues,"{'Fix all of the following:\n  Page must have a level-one heading': '<html xmlns:og=""http://opengraphprotocol.org/schema/"" xmlns:fb=""http://www.facebook.com/2008/fbml"" class=""yui3-js-enabled js-focus-visible js flexbox canvas canvastext webgl no-touch hashchange history draganddrop rgba hsla multiplebgs backgroundsize borderimage borderradius boxshadow textshadow opacity cssanimations csscolumns cssgradients no-cssreflections csstransforms no-csstransforms3d csstransitions video audio svg inlinesvg svgclippaths wf-futurapt-n4-active wf-futurapt-n7-active wf-futurapt-n6-active wf-futurapt-n5-active wf-futurapt-i7-active wf-futurapt-i4-active wf-futurapt-i5-active wf-active"" data-js-focus-visible="""" lang=""en-US"">'}"
108,City Council 9,Nelson,3,Ensures tabindex attribute values are not greater than 0,Elements should not have tabindex greater than zero,https://dequeuniversity.com/rules/axe/3.1/tabindex?application=axeAPI,tabindex,serious,"['cat.keyboard', 'best-practice']",https://www.saraforcitycouncil.com/issues,"{'Fix any of the following:\n  Element has a tabindex greater than 0': '<a href=""#page"" tabindex=""1"" class=""header-skip-link"">\n      Skip to Content\n    </a>'}"
109,City Council 9,Oliver,1,Ensures every id attribute value is unique,id attribute value must be unique,https://dequeuniversity.com/rules/axe/3.1/duplicate-id?application=axeAPI,duplicate-id,minor,"['cat.parsing', 'wcag2a', 'wcag411']",https://nikkitafornine.com/,"{'Fix any of the following:\n  Document has multiple static elements with the same id attribute': '<section id=""volunteer"" class=""lg:border-r-2"">'}"
110,City Council 9,Oliver,2,Ensures the order of headings is semantically correct,Heading levels should only increase by one,https://dequeuniversity.com/rules/axe/3.1/heading-order?application=axeAPI,heading-order,moderate,"['cat.semantics', 'best-practice']",https://nikkitafornine.com/,{'Fix any of the following:\n  Heading order invalid': '<h4>Explore</h4>'}
111,City Council 9,Oliver,3,Ensures all page content is contained by landmarks,All page content must be contained by landmarks,https://dequeuniversity.com/rules/axe/3.1/region?application=axeAPI,region,moderate,"['cat.keyboard', 'best-practice']",https://nikkitafornine.com/,"{'Fix any of the following:\n  Some page content is not contained by landmarks': '<html data-n-head=""%7B%22lang%22:%7B%22ssr%22:%22en%22%7D%7D"" lang=""en"">'}"
112,City Council 9,Thomas ,1,Ensures the contrast between foreground and background colors meets WCAG 2 AA contrast ratio thresholds,Elements must have sufficient color contrast,https://dequeuniversity.com/rules/axe/3.1/color-contrast?application=axeAPI,color-contrast,serious,"['cat.color', 'wcag2aa', 'wcag143']",peopleforbrianna.org,"{'Fix any of the following:\n  Element has insufficient color contrast of 4.47 (foreground color: #777777, background color: #ffffff, font size: 10.5pt, font weight: normal). Expected contrast ratio of 4.5:1': '<div class=""description"">This account has expired.  If you are the site owner, click below to login.</div>'}"
113,City Council 9,Thomas ,2,Ensures every HTML document has a lang attribute,<html> element must have a lang attribute,https://dequeuniversity.com/rules/axe/3.1/html-has-lang?application=axeAPI,html-has-lang,serious,"['cat.language', 'wcag2a', 'wcag311']",peopleforbrianna.org,"{'Fix any of the following:\n  The <html> element does not have a lang attribute': '<html class=""yui3-js-enabled js flexbox canvas canvastext webgl no-touch hashchange history draganddrop rgba hsla multiplebgs backgroundsize borderimage borderradius boxshadow textshadow opacity cssanimations csscolumns cssgradients no-cssreflections csstransforms no-csstransforms3d csstransitions video audio svg inlinesvg svgclippaths"" style="""">'}"
114,City Council 9,Thomas ,3,Ensures the page has only one main landmark and each iframe in the page has at most one main landmark,Page must have one main landmark,https://dequeuniversity.com/rules/axe/3.1/landmark-one-main?application=axeAPI,landmark-one-main,moderate,"['cat.semantics', 'best-practice']",peopleforbrianna.org,"{'Fix all of the following:\n  Page does not have a main landmark': '<html class=""yui3-js-enabled js flexbox canvas canvastext webgl no-touch hashchange history draganddrop rgba hsla multiplebgs backgroundsize borderimage borderradius boxshadow textshadow opacity cssanimations csscolumns cssgradients no-cssreflections csstransforms no-csstransforms3d csstransitions video audio svg inlinesvg svgclippaths"" style="""">'}"
115,City Council 9,Thomas ,4,"Ensure that the page, or at least one of its frames contains a level-one heading",Page must contain a level-one heading,https://dequeuniversity.com/rules/axe/3.1/page-has-heading-one?application=axeAPI,page-has-heading-one,moderate,"['cat.semantics', 'best-practice']",peopleforbrianna.org,"{'Fix all of the following:\n  Page must have a level-one heading': '<html class=""yui3-js-enabled js flexbox canvas canvastext webgl no-touch hashchange history draganddrop rgba hsla multiplebgs backgroundsize borderimage borderradius boxshadow textshadow opacity cssanimations csscolumns cssgradients no-cssreflections csstransforms no-csstransforms3d csstransitions video audio svg inlinesvg svgclippaths"" style="""">'}"
116,City Council 9,Thomas ,5,Ensures all page content is contained by landmarks,All page content must be contained by landmarks,https://dequeuniversity.com/rules/axe/3.1/region?application=axeAPI,region,moderate,"['cat.keyboard', 'best-practice']",peopleforbrianna.org,"{'Fix any of the following:\n  Some page content is not contained by landmarks': '<html class=""yui3-js-enabled js flexbox canvas canvastext webgl no-touch hashchange history draganddrop rgba hsla multiplebgs backgroundsize borderimage borderradius boxshadow textshadow opacity cssanimations csscolumns cssgradients no-cssreflections csstransforms no-csstransforms3d csstransitions video audio svg inlinesvg svgclippaths"" style="""">'}"
