,Position,Candidate,Website,Vendor,Payment,Violation #,Description,Help,HelpUrl,Id,Impact,Tags,Website 
0,Bliss,Bliss,,,,1,Ensures role attribute has an appropriate value for the element,ARIA role must be appropriate for the element,https://dequeuniversity.com/rules/axe/3.1/aria-allowed-role?application=axeAPI,aria-allowed-role,minor,"['cat.aria', 'best-practice']",www.doctorblissformayor.com
1,Bliss,Bliss,,,,2,Ensures the contrast between foreground and background colors meets WCAG 2 AA contrast ratio thresholds,Elements must have sufficient color contrast,https://dequeuniversity.com/rules/axe/3.1/color-contrast?application=axeAPI,color-contrast,serious,"['cat.color', 'wcag2aa', 'wcag143']",www.doctorblissformayor.com
2,Bliss,Bliss,,,,3,Ensures every id attribute value is unique,id attribute value must be unique,https://dequeuniversity.com/rules/axe/3.1/duplicate-id?application=axeAPI,duplicate-id,minor,"['cat.parsing', 'wcag2a', 'wcag411']",www.doctorblissformayor.com
3,Bliss,Bliss,,,,4,Ensures <iframe> and <frame> elements contain a non-empty title attribute,Frames must have title attribute,https://dequeuniversity.com/rules/axe/3.1/frame-title?application=axeAPI,frame-title,serious,"['cat.text-alternatives', 'wcag2a', 'wcag241', 'wcag412', 'section508', 'section508.22.i']",www.doctorblissformayor.com
4,Bliss,Bliss,,,,5,Ensures every form element has a label,Form elements must have labels,https://dequeuniversity.com/rules/axe/3.1/label?application=axeAPI,label,critical,"['cat.forms', 'wcag2a', 'wcag332', 'wcag131', 'section508', 'section508.22.n']",www.doctorblissformayor.com
5,Bliss,Bliss,,,,6,Ensures the page has only one main landmark and each iframe in the page has at most one main landmark,Page must have one main landmark,https://dequeuniversity.com/rules/axe/3.1/landmark-one-main?application=axeAPI,landmark-one-main,moderate,"['cat.semantics', 'best-practice']",www.doctorblissformayor.com
6,Bliss,Bliss,,,,7,Ensures that lists are structured correctly,"<ul> and <ol> must only directly contain <li>, <script> or <template> elements",https://dequeuniversity.com/rules/axe/3.1/list?application=axeAPI,list,serious,"['cat.structure', 'wcag2a', 'wcag131']",www.doctorblissformayor.com
7,Bliss,Bliss,,,,8,"Ensure that the page, or at least one of its frames contains a level-one heading",Page must contain a level-one heading,https://dequeuniversity.com/rules/axe/3.1/page-has-heading-one?application=axeAPI,page-has-heading-one,moderate,"['cat.semantics', 'best-practice']",www.doctorblissformayor.com
8,Bliss,Bliss,,,,9,Ensures all page content is contained by landmarks,All page content must be contained by landmarks,https://dequeuniversity.com/rules/axe/3.1/region?application=axeAPI,region,moderate,"['cat.keyboard', 'best-practice']",www.doctorblissformayor.com
9,Donaldson,Donaldson,Ab Hays,,,1,Ensures the contrast between foreground and background colors meets WCAG 2 AA contrast ratio thresholds,Elements must have sufficient color contrast,https://dequeuniversity.com/rules/axe/3.1/color-contrast?application=axeAPI,color-contrast,serious,"['cat.color', 'wcag2aa', 'wcag143']",https://teamdonaldson.org/
10,Donaldson,Donaldson,Ab Hays,,,2,Ensures every id attribute value is unique,id attribute value must be unique,https://dequeuniversity.com/rules/axe/3.1/duplicate-id?application=axeAPI,duplicate-id,minor,"['cat.parsing', 'wcag2a', 'wcag411']",https://teamdonaldson.org/
11,Donaldson,Donaldson,Ab Hays,,,3,Ensures <iframe> and <frame> elements contain a non-empty title attribute,Frames must have title attribute,https://dequeuniversity.com/rules/axe/3.1/frame-title?application=axeAPI,frame-title,serious,"['cat.text-alternatives', 'wcag2a', 'wcag241', 'wcag412', 'section508', 'section508.22.i']",https://teamdonaldson.org/
12,Donaldson,Donaldson,Ab Hays,,,4,Ensures the order of headings is semantically correct,Heading levels should only increase by one,https://dequeuniversity.com/rules/axe/3.1/heading-order?application=axeAPI,heading-order,moderate,"['cat.semantics', 'best-practice']",https://teamdonaldson.org/
13,Donaldson,Donaldson,Ab Hays,,,5,Ensures that every form element is not solely labeled using the title or aria-describedby attributes,Form elements should have a visible label,https://dequeuniversity.com/rules/axe/3.1/label-title-only?application=axeAPI,label-title-only,serious,"['cat.forms', 'best-practice']",https://teamdonaldson.org/
14,Donaldson,Donaldson,Ab Hays,,,6,Ensures the page has only one main landmark and each iframe in the page has at most one main landmark,Page must have one main landmark,https://dequeuniversity.com/rules/axe/3.1/landmark-one-main?application=axeAPI,landmark-one-main,moderate,"['cat.semantics', 'best-practice']",https://teamdonaldson.org/
15,Donaldson,Donaldson,Ab Hays,,,7,Ensures links have discernible text,Links must have discernible text,https://dequeuniversity.com/rules/axe/3.1/link-name?application=axeAPI,link-name,serious,"['cat.name-role-value', 'wcag2a', 'wcag412', 'wcag244', 'section508', 'section508.22.a']",https://teamdonaldson.org/
16,Donaldson,Donaldson,Ab Hays,,,8,"Ensures <meta name=""viewport""> does not disable text scaling and zooming",Zooming and scaling must not be disabled,https://dequeuniversity.com/rules/axe/3.1/meta-viewport?application=axeAPI,meta-viewport,critical,"['cat.sensory-and-visual-cues', 'wcag2aa', 'wcag144']",https://teamdonaldson.org/
17,Donaldson,Donaldson,Ab Hays,,,9,Ensures all page content is contained by landmarks,All page content must be contained by landmarks,https://dequeuniversity.com/rules/axe/3.1/region?application=axeAPI,region,moderate,"['cat.keyboard', 'best-practice']",https://teamdonaldson.org/
18,Donaldson,Donaldson,Ab Hays,,,10,Ensure all skip links have a focusable target,The skip-link target should exist and be focusable,https://dequeuniversity.com/rules/axe/3.1/skip-link?application=axeAPI,skip-link,moderate,"['cat.keyboard', 'best-practice']",https://teamdonaldson.org/
19,Echohawk,Echohawk,Upper Left Strategies,,,1,Ensures role attribute has an appropriate value for the element,ARIA role must be appropriate for the element,https://dequeuniversity.com/rules/axe/3.1/aria-allowed-role?application=axeAPI,aria-allowed-role,minor,"['cat.aria', 'best-practice']",https://www.echohawkforseattle.com/
20,Echohawk,Echohawk,Upper Left Strategies,,,2,Ensures the contrast between foreground and background colors meets WCAG 2 AA contrast ratio thresholds,Elements must have sufficient color contrast,https://dequeuniversity.com/rules/axe/3.1/color-contrast?application=axeAPI,color-contrast,serious,"['cat.color', 'wcag2aa', 'wcag143']",https://www.echohawkforseattle.com/
21,Echohawk,Echohawk,Upper Left Strategies,,,3,Ensures <iframe> and <frame> elements contain a non-empty title attribute,Frames must have title attribute,https://dequeuniversity.com/rules/axe/3.1/frame-title?application=axeAPI,frame-title,serious,"['cat.text-alternatives', 'wcag2a', 'wcag241', 'wcag412', 'section508', 'section508.22.i']",https://www.echohawkforseattle.com/
22,Echohawk,Echohawk,Upper Left Strategies,,,4,"Ensure that the page, or at least one of its frames contains a level-one heading",Page must contain a level-one heading,https://dequeuniversity.com/rules/axe/3.1/page-has-heading-one?application=axeAPI,page-has-heading-one,moderate,"['cat.semantics', 'best-practice']",https://www.echohawkforseattle.com/
23,Echohawk,Echohawk,Upper Left Strategies,,,5,Ensures tabindex attribute values are not greater than 0,Elements should not have tabindex greater than zero,https://dequeuniversity.com/rules/axe/3.1/tabindex?application=axeAPI,tabindex,serious,"['cat.keyboard', 'best-practice']",https://www.echohawkforseattle.com/
24,Farrell,Farrell,Left Wing Digital LLC,,,1,Ensures role attribute has an appropriate value for the element,ARIA role must be appropriate for the element,https://dequeuniversity.com/rules/axe/3.1/aria-allowed-role?application=axeAPI,aria-allowed-role,minor,"['cat.aria', 'best-practice']",jessynformayor.com
25,Farrell,Farrell,Left Wing Digital LLC,,,2,Ensures the contrast between foreground and background colors meets WCAG 2 AA contrast ratio thresholds,Elements must have sufficient color contrast,https://dequeuniversity.com/rules/axe/3.1/color-contrast?application=axeAPI,color-contrast,serious,"['cat.color', 'wcag2aa', 'wcag143']",jessynformayor.com
26,Farrell,Farrell,Left Wing Digital LLC,,,3,Ensures <iframe> and <frame> elements contain a non-empty title attribute,Frames must have title attribute,https://dequeuniversity.com/rules/axe/3.1/frame-title?application=axeAPI,frame-title,serious,"['cat.text-alternatives', 'wcag2a', 'wcag241', 'wcag412', 'section508', 'section508.22.i']",jessynformayor.com
27,Farrell,Farrell,Left Wing Digital LLC,,,4,Ensures all page content is contained by landmarks,All page content must be contained by landmarks,https://dequeuniversity.com/rules/axe/3.1/region?application=axeAPI,region,moderate,"['cat.keyboard', 'best-practice']",jessynformayor.com
28,Gonzalez,Gonzalez,,,,1,Ensures role attribute has an appropriate value for the element,ARIA role must be appropriate for the element,https://dequeuniversity.com/rules/axe/3.1/aria-allowed-role?application=axeAPI,aria-allowed-role,minor,"['cat.aria', 'best-practice']",lorenaforseattle.com
29,Gonzalez,Gonzalez,,,,2,Ensures the contrast between foreground and background colors meets WCAG 2 AA contrast ratio thresholds,Elements must have sufficient color contrast,https://dequeuniversity.com/rules/axe/3.1/color-contrast?application=axeAPI,color-contrast,serious,"['cat.color', 'wcag2aa', 'wcag143']",lorenaforseattle.com
30,Gonzalez,Gonzalez,,,,3,Ensures the page has only one main landmark and each iframe in the page has at most one main landmark,Page must have one main landmark,https://dequeuniversity.com/rules/axe/3.1/landmark-one-main?application=axeAPI,landmark-one-main,moderate,"['cat.semantics', 'best-practice']",lorenaforseattle.com
31,Gonzalez,Gonzalez,,,,4,Ensures links have discernible text,Links must have discernible text,https://dequeuniversity.com/rules/axe/3.1/link-name?application=axeAPI,link-name,serious,"['cat.name-role-value', 'wcag2a', 'wcag412', 'wcag244', 'section508', 'section508.22.a']",lorenaforseattle.com
32,Gonzalez,Gonzalez,,,,5,"Ensure that the page, or at least one of its frames contains a level-one heading",Page must contain a level-one heading,https://dequeuniversity.com/rules/axe/3.1/page-has-heading-one?application=axeAPI,page-has-heading-one,moderate,"['cat.semantics', 'best-practice']",lorenaforseattle.com
33,Gonzalez,Gonzalez,,,,6,Ensures all page content is contained by landmarks,All page content must be contained by landmarks,https://dequeuniversity.com/rules/axe/3.1/region?application=axeAPI,region,moderate,"['cat.keyboard', 'best-practice']",lorenaforseattle.com
34,Harrell,Harrell,NWP Consulting,,,1,Ensures role attribute has an appropriate value for the element,ARIA role must be appropriate for the element,https://dequeuniversity.com/rules/axe/3.1/aria-allowed-role?application=axeAPI,aria-allowed-role,minor,"['cat.aria', 'best-practice']",bruceforseattle.com
35,Harrell,Harrell,NWP Consulting,,,2,Ensures the contrast between foreground and background colors meets WCAG 2 AA contrast ratio thresholds,Elements must have sufficient color contrast,https://dequeuniversity.com/rules/axe/3.1/color-contrast?application=axeAPI,color-contrast,serious,"['cat.color', 'wcag2aa', 'wcag143']",bruceforseattle.com
36,Harrell,Harrell,NWP Consulting,,,3,Ensures the order of headings is semantically correct,Heading levels should only increase by one,https://dequeuniversity.com/rules/axe/3.1/heading-order?application=axeAPI,heading-order,moderate,"['cat.semantics', 'best-practice']",bruceforseattle.com
37,Harrell,Harrell,NWP Consulting,,,4,Ensures <img> elements have alternate text or a role of none or presentation,Images must have alternate text,https://dequeuniversity.com/rules/axe/3.1/image-alt?application=axeAPI,image-alt,critical,"['cat.text-alternatives', 'wcag2a', 'wcag111', 'section508', 'section508.22.a']",bruceforseattle.com
38,Harrell,Harrell,NWP Consulting,,,5,Ensures every form element has a label,Form elements must have labels,https://dequeuniversity.com/rules/axe/3.1/label?application=axeAPI,label,critical,"['cat.forms', 'wcag2a', 'wcag332', 'wcag131', 'section508', 'section508.22.n']",bruceforseattle.com
39,Harrell,Harrell,NWP Consulting,,,6,Ensures links have discernible text,Links must have discernible text,https://dequeuniversity.com/rules/axe/3.1/link-name?application=axeAPI,link-name,serious,"['cat.name-role-value', 'wcag2a', 'wcag412', 'wcag244', 'section508', 'section508.22.a']",bruceforseattle.com
40,Harrell,Harrell,NWP Consulting,,,7,"Ensure that the page, or at least one of its frames contains a level-one heading",Page must contain a level-one heading,https://dequeuniversity.com/rules/axe/3.1/page-has-heading-one?application=axeAPI,page-has-heading-one,moderate,"['cat.semantics', 'best-practice']",bruceforseattle.com
41,Harrell,Harrell,NWP Consulting,,,8,Ensures all page content is contained by landmarks,All page content must be contained by landmarks,https://dequeuniversity.com/rules/axe/3.1/region?application=axeAPI,region,moderate,"['cat.keyboard', 'best-practice']",bruceforseattle.com
42,Houston,Houston,,,,1,Ensures role attribute has an appropriate value for the element,ARIA role must be appropriate for the element,https://dequeuniversity.com/rules/axe/3.1/aria-allowed-role?application=axeAPI,aria-allowed-role,minor,"['cat.aria', 'best-practice']",www.agh4sea.com
43,Houston,Houston,,,,2,Ensures the contrast between foreground and background colors meets WCAG 2 AA contrast ratio thresholds,Elements must have sufficient color contrast,https://dequeuniversity.com/rules/axe/3.1/color-contrast?application=axeAPI,color-contrast,serious,"['cat.color', 'wcag2aa', 'wcag143']",www.agh4sea.com
44,Houston,Houston,,,,3,Ensures the order of headings is semantically correct,Heading levels should only increase by one,https://dequeuniversity.com/rules/axe/3.1/heading-order?application=axeAPI,heading-order,moderate,"['cat.semantics', 'best-practice']",www.agh4sea.com
45,Houston,Houston,,,,4,Ensures <img> elements have alternate text or a role of none or presentation,Images must have alternate text,https://dequeuniversity.com/rules/axe/3.1/image-alt?application=axeAPI,image-alt,critical,"['cat.text-alternatives', 'wcag2a', 'wcag111', 'section508', 'section508.22.a']",www.agh4sea.com
46,Houston,Houston,,,,5,Ensures all page content is contained by landmarks,All page content must be contained by landmarks,https://dequeuniversity.com/rules/axe/3.1/region?application=axeAPI,region,moderate,"['cat.keyboard', 'best-practice']",www.agh4sea.com
47,Houston,Houston,,,,6,Ensures tabindex attribute values are not greater than 0,Elements should not have tabindex greater than zero,https://dequeuniversity.com/rules/axe/3.1/tabindex?application=axeAPI,tabindex,serious,"['cat.keyboard', 'best-practice']",www.agh4sea.com
48,Bliss,Bliss,,,,1,Ensures role attribute has an appropriate value for the element,ARIA role must be appropriate for the element,https://dequeuniversity.com/rules/axe/3.1/aria-allowed-role?application=axeAPI,aria-allowed-role,minor,"['cat.aria', 'best-practice']",www.doctorblissformayor.com
49,Bliss,Bliss,,,,2,Ensures the contrast between foreground and background colors meets WCAG 2 AA contrast ratio thresholds,Elements must have sufficient color contrast,https://dequeuniversity.com/rules/axe/3.1/color-contrast?application=axeAPI,color-contrast,serious,"['cat.color', 'wcag2aa', 'wcag143']",www.doctorblissformayor.com
50,Bliss,Bliss,,,,3,Ensures every id attribute value is unique,id attribute value must be unique,https://dequeuniversity.com/rules/axe/3.1/duplicate-id?application=axeAPI,duplicate-id,minor,"['cat.parsing', 'wcag2a', 'wcag411']",www.doctorblissformayor.com
51,Bliss,Bliss,,,,4,Ensures <iframe> and <frame> elements contain a non-empty title attribute,Frames must have title attribute,https://dequeuniversity.com/rules/axe/3.1/frame-title?application=axeAPI,frame-title,serious,"['cat.text-alternatives', 'wcag2a', 'wcag241', 'wcag412', 'section508', 'section508.22.i']",www.doctorblissformayor.com
52,Bliss,Bliss,,,,5,Ensures every form element has a label,Form elements must have labels,https://dequeuniversity.com/rules/axe/3.1/label?application=axeAPI,label,critical,"['cat.forms', 'wcag2a', 'wcag332', 'wcag131', 'section508', 'section508.22.n']",www.doctorblissformayor.com
53,Bliss,Bliss,,,,6,Ensures the page has only one main landmark and each iframe in the page has at most one main landmark,Page must have one main landmark,https://dequeuniversity.com/rules/axe/3.1/landmark-one-main?application=axeAPI,landmark-one-main,moderate,"['cat.semantics', 'best-practice']",www.doctorblissformayor.com
54,Bliss,Bliss,,,,7,Ensures that lists are structured correctly,"<ul> and <ol> must only directly contain <li>, <script> or <template> elements",https://dequeuniversity.com/rules/axe/3.1/list?application=axeAPI,list,serious,"['cat.structure', 'wcag2a', 'wcag131']",www.doctorblissformayor.com
55,Bliss,Bliss,,,,8,"Ensure that the page, or at least one of its frames contains a level-one heading",Page must contain a level-one heading,https://dequeuniversity.com/rules/axe/3.1/page-has-heading-one?application=axeAPI,page-has-heading-one,moderate,"['cat.semantics', 'best-practice']",www.doctorblissformayor.com
56,Bliss,Bliss,,,,9,Ensures all page content is contained by landmarks,All page content must be contained by landmarks,https://dequeuniversity.com/rules/axe/3.1/region?application=axeAPI,region,moderate,"['cat.keyboard', 'best-practice']",www.doctorblissformayor.com
57,Donaldson,Donaldson,Ab Hays,,,1,Ensures the contrast between foreground and background colors meets WCAG 2 AA contrast ratio thresholds,Elements must have sufficient color contrast,https://dequeuniversity.com/rules/axe/3.1/color-contrast?application=axeAPI,color-contrast,serious,"['cat.color', 'wcag2aa', 'wcag143']",https://teamdonaldson.org/
58,Donaldson,Donaldson,Ab Hays,,,2,Ensures every id attribute value is unique,id attribute value must be unique,https://dequeuniversity.com/rules/axe/3.1/duplicate-id?application=axeAPI,duplicate-id,minor,"['cat.parsing', 'wcag2a', 'wcag411']",https://teamdonaldson.org/
59,Donaldson,Donaldson,Ab Hays,,,3,Ensures <iframe> and <frame> elements contain a non-empty title attribute,Frames must have title attribute,https://dequeuniversity.com/rules/axe/3.1/frame-title?application=axeAPI,frame-title,serious,"['cat.text-alternatives', 'wcag2a', 'wcag241', 'wcag412', 'section508', 'section508.22.i']",https://teamdonaldson.org/
60,Donaldson,Donaldson,Ab Hays,,,4,Ensures the order of headings is semantically correct,Heading levels should only increase by one,https://dequeuniversity.com/rules/axe/3.1/heading-order?application=axeAPI,heading-order,moderate,"['cat.semantics', 'best-practice']",https://teamdonaldson.org/
61,Donaldson,Donaldson,Ab Hays,,,5,Ensures that every form element is not solely labeled using the title or aria-describedby attributes,Form elements should have a visible label,https://dequeuniversity.com/rules/axe/3.1/label-title-only?application=axeAPI,label-title-only,serious,"['cat.forms', 'best-practice']",https://teamdonaldson.org/
62,Donaldson,Donaldson,Ab Hays,,,6,Ensures the page has only one main landmark and each iframe in the page has at most one main landmark,Page must have one main landmark,https://dequeuniversity.com/rules/axe/3.1/landmark-one-main?application=axeAPI,landmark-one-main,moderate,"['cat.semantics', 'best-practice']",https://teamdonaldson.org/
63,Donaldson,Donaldson,Ab Hays,,,7,Ensures links have discernible text,Links must have discernible text,https://dequeuniversity.com/rules/axe/3.1/link-name?application=axeAPI,link-name,serious,"['cat.name-role-value', 'wcag2a', 'wcag412', 'wcag244', 'section508', 'section508.22.a']",https://teamdonaldson.org/
64,Donaldson,Donaldson,Ab Hays,,,8,"Ensures <meta name=""viewport""> does not disable text scaling and zooming",Zooming and scaling must not be disabled,https://dequeuniversity.com/rules/axe/3.1/meta-viewport?application=axeAPI,meta-viewport,critical,"['cat.sensory-and-visual-cues', 'wcag2aa', 'wcag144']",https://teamdonaldson.org/
65,Donaldson,Donaldson,Ab Hays,,,9,Ensures all page content is contained by landmarks,All page content must be contained by landmarks,https://dequeuniversity.com/rules/axe/3.1/region?application=axeAPI,region,moderate,"['cat.keyboard', 'best-practice']",https://teamdonaldson.org/
66,Donaldson,Donaldson,Ab Hays,,,10,Ensure all skip links have a focusable target,The skip-link target should exist and be focusable,https://dequeuniversity.com/rules/axe/3.1/skip-link?application=axeAPI,skip-link,moderate,"['cat.keyboard', 'best-practice']",https://teamdonaldson.org/
67,Echohawk,Echohawk,Upper Left Strategies,,,1,Ensures role attribute has an appropriate value for the element,ARIA role must be appropriate for the element,https://dequeuniversity.com/rules/axe/3.1/aria-allowed-role?application=axeAPI,aria-allowed-role,minor,"['cat.aria', 'best-practice']",https://www.echohawkforseattle.com/
68,Echohawk,Echohawk,Upper Left Strategies,,,2,Ensures the contrast between foreground and background colors meets WCAG 2 AA contrast ratio thresholds,Elements must have sufficient color contrast,https://dequeuniversity.com/rules/axe/3.1/color-contrast?application=axeAPI,color-contrast,serious,"['cat.color', 'wcag2aa', 'wcag143']",https://www.echohawkforseattle.com/
69,Echohawk,Echohawk,Upper Left Strategies,,,3,Ensures <iframe> and <frame> elements contain a non-empty title attribute,Frames must have title attribute,https://dequeuniversity.com/rules/axe/3.1/frame-title?application=axeAPI,frame-title,serious,"['cat.text-alternatives', 'wcag2a', 'wcag241', 'wcag412', 'section508', 'section508.22.i']",https://www.echohawkforseattle.com/
70,Echohawk,Echohawk,Upper Left Strategies,,,4,"Ensure that the page, or at least one of its frames contains a level-one heading",Page must contain a level-one heading,https://dequeuniversity.com/rules/axe/3.1/page-has-heading-one?application=axeAPI,page-has-heading-one,moderate,"['cat.semantics', 'best-practice']",https://www.echohawkforseattle.com/
71,Echohawk,Echohawk,Upper Left Strategies,,,5,Ensures tabindex attribute values are not greater than 0,Elements should not have tabindex greater than zero,https://dequeuniversity.com/rules/axe/3.1/tabindex?application=axeAPI,tabindex,serious,"['cat.keyboard', 'best-practice']",https://www.echohawkforseattle.com/
72,Farrell,Farrell,Left Wing Digital LLC,,,1,Ensures role attribute has an appropriate value for the element,ARIA role must be appropriate for the element,https://dequeuniversity.com/rules/axe/3.1/aria-allowed-role?application=axeAPI,aria-allowed-role,minor,"['cat.aria', 'best-practice']",jessynformayor.com
73,Farrell,Farrell,Left Wing Digital LLC,,,2,Ensures the contrast between foreground and background colors meets WCAG 2 AA contrast ratio thresholds,Elements must have sufficient color contrast,https://dequeuniversity.com/rules/axe/3.1/color-contrast?application=axeAPI,color-contrast,serious,"['cat.color', 'wcag2aa', 'wcag143']",jessynformayor.com
74,Farrell,Farrell,Left Wing Digital LLC,,,3,Ensures <iframe> and <frame> elements contain a non-empty title attribute,Frames must have title attribute,https://dequeuniversity.com/rules/axe/3.1/frame-title?application=axeAPI,frame-title,serious,"['cat.text-alternatives', 'wcag2a', 'wcag241', 'wcag412', 'section508', 'section508.22.i']",jessynformayor.com
75,Farrell,Farrell,Left Wing Digital LLC,,,4,Ensures all page content is contained by landmarks,All page content must be contained by landmarks,https://dequeuniversity.com/rules/axe/3.1/region?application=axeAPI,region,moderate,"['cat.keyboard', 'best-practice']",jessynformayor.com
76,Gonzalez,Gonzalez,,,,1,Ensures role attribute has an appropriate value for the element,ARIA role must be appropriate for the element,https://dequeuniversity.com/rules/axe/3.1/aria-allowed-role?application=axeAPI,aria-allowed-role,minor,"['cat.aria', 'best-practice']",lorenaforseattle.com
77,Gonzalez,Gonzalez,,,,2,Ensures the contrast between foreground and background colors meets WCAG 2 AA contrast ratio thresholds,Elements must have sufficient color contrast,https://dequeuniversity.com/rules/axe/3.1/color-contrast?application=axeAPI,color-contrast,serious,"['cat.color', 'wcag2aa', 'wcag143']",lorenaforseattle.com
78,Gonzalez,Gonzalez,,,,3,Ensures the page has only one main landmark and each iframe in the page has at most one main landmark,Page must have one main landmark,https://dequeuniversity.com/rules/axe/3.1/landmark-one-main?application=axeAPI,landmark-one-main,moderate,"['cat.semantics', 'best-practice']",lorenaforseattle.com
79,Gonzalez,Gonzalez,,,,4,Ensures links have discernible text,Links must have discernible text,https://dequeuniversity.com/rules/axe/3.1/link-name?application=axeAPI,link-name,serious,"['cat.name-role-value', 'wcag2a', 'wcag412', 'wcag244', 'section508', 'section508.22.a']",lorenaforseattle.com
80,Gonzalez,Gonzalez,,,,5,"Ensure that the page, or at least one of its frames contains a level-one heading",Page must contain a level-one heading,https://dequeuniversity.com/rules/axe/3.1/page-has-heading-one?application=axeAPI,page-has-heading-one,moderate,"['cat.semantics', 'best-practice']",lorenaforseattle.com
81,Gonzalez,Gonzalez,,,,6,Ensures all page content is contained by landmarks,All page content must be contained by landmarks,https://dequeuniversity.com/rules/axe/3.1/region?application=axeAPI,region,moderate,"['cat.keyboard', 'best-practice']",lorenaforseattle.com
82,Harrell,Harrell,NWP Consulting,,,1,Ensures role attribute has an appropriate value for the element,ARIA role must be appropriate for the element,https://dequeuniversity.com/rules/axe/3.1/aria-allowed-role?application=axeAPI,aria-allowed-role,minor,"['cat.aria', 'best-practice']",bruceforseattle.com
83,Harrell,Harrell,NWP Consulting,,,2,Ensures the contrast between foreground and background colors meets WCAG 2 AA contrast ratio thresholds,Elements must have sufficient color contrast,https://dequeuniversity.com/rules/axe/3.1/color-contrast?application=axeAPI,color-contrast,serious,"['cat.color', 'wcag2aa', 'wcag143']",bruceforseattle.com
84,Harrell,Harrell,NWP Consulting,,,3,Ensures the order of headings is semantically correct,Heading levels should only increase by one,https://dequeuniversity.com/rules/axe/3.1/heading-order?application=axeAPI,heading-order,moderate,"['cat.semantics', 'best-practice']",bruceforseattle.com
85,Harrell,Harrell,NWP Consulting,,,4,Ensures <img> elements have alternate text or a role of none or presentation,Images must have alternate text,https://dequeuniversity.com/rules/axe/3.1/image-alt?application=axeAPI,image-alt,critical,"['cat.text-alternatives', 'wcag2a', 'wcag111', 'section508', 'section508.22.a']",bruceforseattle.com
86,Harrell,Harrell,NWP Consulting,,,5,Ensures every form element has a label,Form elements must have labels,https://dequeuniversity.com/rules/axe/3.1/label?application=axeAPI,label,critical,"['cat.forms', 'wcag2a', 'wcag332', 'wcag131', 'section508', 'section508.22.n']",bruceforseattle.com
87,Harrell,Harrell,NWP Consulting,,,6,Ensures links have discernible text,Links must have discernible text,https://dequeuniversity.com/rules/axe/3.1/link-name?application=axeAPI,link-name,serious,"['cat.name-role-value', 'wcag2a', 'wcag412', 'wcag244', 'section508', 'section508.22.a']",bruceforseattle.com
88,Harrell,Harrell,NWP Consulting,,,7,"Ensure that the page, or at least one of its frames contains a level-one heading",Page must contain a level-one heading,https://dequeuniversity.com/rules/axe/3.1/page-has-heading-one?application=axeAPI,page-has-heading-one,moderate,"['cat.semantics', 'best-practice']",bruceforseattle.com
89,Harrell,Harrell,NWP Consulting,,,8,Ensures all page content is contained by landmarks,All page content must be contained by landmarks,https://dequeuniversity.com/rules/axe/3.1/region?application=axeAPI,region,moderate,"['cat.keyboard', 'best-practice']",bruceforseattle.com
90,Houston,Houston,,,,1,Ensures role attribute has an appropriate value for the element,ARIA role must be appropriate for the element,https://dequeuniversity.com/rules/axe/3.1/aria-allowed-role?application=axeAPI,aria-allowed-role,minor,"['cat.aria', 'best-practice']",www.agh4sea.com
91,Houston,Houston,,,,2,Ensures the contrast between foreground and background colors meets WCAG 2 AA contrast ratio thresholds,Elements must have sufficient color contrast,https://dequeuniversity.com/rules/axe/3.1/color-contrast?application=axeAPI,color-contrast,serious,"['cat.color', 'wcag2aa', 'wcag143']",www.agh4sea.com
92,Houston,Houston,,,,3,Ensures the order of headings is semantically correct,Heading levels should only increase by one,https://dequeuniversity.com/rules/axe/3.1/heading-order?application=axeAPI,heading-order,moderate,"['cat.semantics', 'best-practice']",www.agh4sea.com
93,Houston,Houston,,,,4,Ensures <img> elements have alternate text or a role of none or presentation,Images must have alternate text,https://dequeuniversity.com/rules/axe/3.1/image-alt?application=axeAPI,image-alt,critical,"['cat.text-alternatives', 'wcag2a', 'wcag111', 'section508', 'section508.22.a']",www.agh4sea.com
94,Houston,Houston,,,,5,Ensures all page content is contained by landmarks,All page content must be contained by landmarks,https://dequeuniversity.com/rules/axe/3.1/region?application=axeAPI,region,moderate,"['cat.keyboard', 'best-practice']",www.agh4sea.com
95,Houston,Houston,,,,6,Ensures tabindex attribute values are not greater than 0,Elements should not have tabindex greater than zero,https://dequeuniversity.com/rules/axe/3.1/tabindex?application=axeAPI,tabindex,serious,"['cat.keyboard', 'best-practice']",www.agh4sea.com
96,Bliss,Bliss,,,,1,Ensures role attribute has an appropriate value for the element,ARIA role must be appropriate for the element,https://dequeuniversity.com/rules/axe/3.1/aria-allowed-role?application=axeAPI,aria-allowed-role,minor,"['cat.aria', 'best-practice']",www.doctorblissformayor.com
97,Bliss,Bliss,,,,2,Ensures the contrast between foreground and background colors meets WCAG 2 AA contrast ratio thresholds,Elements must have sufficient color contrast,https://dequeuniversity.com/rules/axe/3.1/color-contrast?application=axeAPI,color-contrast,serious,"['cat.color', 'wcag2aa', 'wcag143']",www.doctorblissformayor.com
98,Bliss,Bliss,,,,3,Ensures every id attribute value is unique,id attribute value must be unique,https://dequeuniversity.com/rules/axe/3.1/duplicate-id?application=axeAPI,duplicate-id,minor,"['cat.parsing', 'wcag2a', 'wcag411']",www.doctorblissformayor.com
99,Bliss,Bliss,,,,4,Ensures <iframe> and <frame> elements contain a non-empty title attribute,Frames must have title attribute,https://dequeuniversity.com/rules/axe/3.1/frame-title?application=axeAPI,frame-title,serious,"['cat.text-alternatives', 'wcag2a', 'wcag241', 'wcag412', 'section508', 'section508.22.i']",www.doctorblissformayor.com
100,Bliss,Bliss,,,,5,Ensures every form element has a label,Form elements must have labels,https://dequeuniversity.com/rules/axe/3.1/label?application=axeAPI,label,critical,"['cat.forms', 'wcag2a', 'wcag332', 'wcag131', 'section508', 'section508.22.n']",www.doctorblissformayor.com
101,Bliss,Bliss,,,,6,Ensures the page has only one main landmark and each iframe in the page has at most one main landmark,Page must have one main landmark,https://dequeuniversity.com/rules/axe/3.1/landmark-one-main?application=axeAPI,landmark-one-main,moderate,"['cat.semantics', 'best-practice']",www.doctorblissformayor.com
102,Bliss,Bliss,,,,7,Ensures that lists are structured correctly,"<ul> and <ol> must only directly contain <li>, <script> or <template> elements",https://dequeuniversity.com/rules/axe/3.1/list?application=axeAPI,list,serious,"['cat.structure', 'wcag2a', 'wcag131']",www.doctorblissformayor.com
103,Bliss,Bliss,,,,8,"Ensure that the page, or at least one of its frames contains a level-one heading",Page must contain a level-one heading,https://dequeuniversity.com/rules/axe/3.1/page-has-heading-one?application=axeAPI,page-has-heading-one,moderate,"['cat.semantics', 'best-practice']",www.doctorblissformayor.com
104,Bliss,Bliss,,,,9,Ensures all page content is contained by landmarks,All page content must be contained by landmarks,https://dequeuniversity.com/rules/axe/3.1/region?application=axeAPI,region,moderate,"['cat.keyboard', 'best-practice']",www.doctorblissformayor.com
105,Donaldson,Donaldson,Ab Hays,,,1,Ensures the contrast between foreground and background colors meets WCAG 2 AA contrast ratio thresholds,Elements must have sufficient color contrast,https://dequeuniversity.com/rules/axe/3.1/color-contrast?application=axeAPI,color-contrast,serious,"['cat.color', 'wcag2aa', 'wcag143']",https://teamdonaldson.org/
106,Donaldson,Donaldson,Ab Hays,,,2,Ensures every id attribute value is unique,id attribute value must be unique,https://dequeuniversity.com/rules/axe/3.1/duplicate-id?application=axeAPI,duplicate-id,minor,"['cat.parsing', 'wcag2a', 'wcag411']",https://teamdonaldson.org/
107,Donaldson,Donaldson,Ab Hays,,,3,Ensures <iframe> and <frame> elements contain a non-empty title attribute,Frames must have title attribute,https://dequeuniversity.com/rules/axe/3.1/frame-title?application=axeAPI,frame-title,serious,"['cat.text-alternatives', 'wcag2a', 'wcag241', 'wcag412', 'section508', 'section508.22.i']",https://teamdonaldson.org/
108,Donaldson,Donaldson,Ab Hays,,,4,Ensures the order of headings is semantically correct,Heading levels should only increase by one,https://dequeuniversity.com/rules/axe/3.1/heading-order?application=axeAPI,heading-order,moderate,"['cat.semantics', 'best-practice']",https://teamdonaldson.org/
109,Donaldson,Donaldson,Ab Hays,,,5,Ensures that every form element is not solely labeled using the title or aria-describedby attributes,Form elements should have a visible label,https://dequeuniversity.com/rules/axe/3.1/label-title-only?application=axeAPI,label-title-only,serious,"['cat.forms', 'best-practice']",https://teamdonaldson.org/
110,Donaldson,Donaldson,Ab Hays,,,6,Ensures the page has only one main landmark and each iframe in the page has at most one main landmark,Page must have one main landmark,https://dequeuniversity.com/rules/axe/3.1/landmark-one-main?application=axeAPI,landmark-one-main,moderate,"['cat.semantics', 'best-practice']",https://teamdonaldson.org/
111,Donaldson,Donaldson,Ab Hays,,,7,Ensures links have discernible text,Links must have discernible text,https://dequeuniversity.com/rules/axe/3.1/link-name?application=axeAPI,link-name,serious,"['cat.name-role-value', 'wcag2a', 'wcag412', 'wcag244', 'section508', 'section508.22.a']",https://teamdonaldson.org/
112,Donaldson,Donaldson,Ab Hays,,,8,"Ensures <meta name=""viewport""> does not disable text scaling and zooming",Zooming and scaling must not be disabled,https://dequeuniversity.com/rules/axe/3.1/meta-viewport?application=axeAPI,meta-viewport,critical,"['cat.sensory-and-visual-cues', 'wcag2aa', 'wcag144']",https://teamdonaldson.org/
113,Donaldson,Donaldson,Ab Hays,,,9,Ensures all page content is contained by landmarks,All page content must be contained by landmarks,https://dequeuniversity.com/rules/axe/3.1/region?application=axeAPI,region,moderate,"['cat.keyboard', 'best-practice']",https://teamdonaldson.org/
114,Donaldson,Donaldson,Ab Hays,,,10,Ensure all skip links have a focusable target,The skip-link target should exist and be focusable,https://dequeuniversity.com/rules/axe/3.1/skip-link?application=axeAPI,skip-link,moderate,"['cat.keyboard', 'best-practice']",https://teamdonaldson.org/
115,Echohawk,Echohawk,Upper Left Strategies,,,1,Ensures role attribute has an appropriate value for the element,ARIA role must be appropriate for the element,https://dequeuniversity.com/rules/axe/3.1/aria-allowed-role?application=axeAPI,aria-allowed-role,minor,"['cat.aria', 'best-practice']",https://www.echohawkforseattle.com/
116,Echohawk,Echohawk,Upper Left Strategies,,,2,Ensures the contrast between foreground and background colors meets WCAG 2 AA contrast ratio thresholds,Elements must have sufficient color contrast,https://dequeuniversity.com/rules/axe/3.1/color-contrast?application=axeAPI,color-contrast,serious,"['cat.color', 'wcag2aa', 'wcag143']",https://www.echohawkforseattle.com/
117,Echohawk,Echohawk,Upper Left Strategies,,,3,Ensures <iframe> and <frame> elements contain a non-empty title attribute,Frames must have title attribute,https://dequeuniversity.com/rules/axe/3.1/frame-title?application=axeAPI,frame-title,serious,"['cat.text-alternatives', 'wcag2a', 'wcag241', 'wcag412', 'section508', 'section508.22.i']",https://www.echohawkforseattle.com/
118,Echohawk,Echohawk,Upper Left Strategies,,,4,"Ensure that the page, or at least one of its frames contains a level-one heading",Page must contain a level-one heading,https://dequeuniversity.com/rules/axe/3.1/page-has-heading-one?application=axeAPI,page-has-heading-one,moderate,"['cat.semantics', 'best-practice']",https://www.echohawkforseattle.com/
119,Echohawk,Echohawk,Upper Left Strategies,,,5,Ensures tabindex attribute values are not greater than 0,Elements should not have tabindex greater than zero,https://dequeuniversity.com/rules/axe/3.1/tabindex?application=axeAPI,tabindex,serious,"['cat.keyboard', 'best-practice']",https://www.echohawkforseattle.com/
120,Farrell,Farrell,Left Wing Digital LLC,,,1,Ensures role attribute has an appropriate value for the element,ARIA role must be appropriate for the element,https://dequeuniversity.com/rules/axe/3.1/aria-allowed-role?application=axeAPI,aria-allowed-role,minor,"['cat.aria', 'best-practice']",jessynformayor.com
121,Farrell,Farrell,Left Wing Digital LLC,,,2,Ensures the contrast between foreground and background colors meets WCAG 2 AA contrast ratio thresholds,Elements must have sufficient color contrast,https://dequeuniversity.com/rules/axe/3.1/color-contrast?application=axeAPI,color-contrast,serious,"['cat.color', 'wcag2aa', 'wcag143']",jessynformayor.com
122,Farrell,Farrell,Left Wing Digital LLC,,,3,Ensures <iframe> and <frame> elements contain a non-empty title attribute,Frames must have title attribute,https://dequeuniversity.com/rules/axe/3.1/frame-title?application=axeAPI,frame-title,serious,"['cat.text-alternatives', 'wcag2a', 'wcag241', 'wcag412', 'section508', 'section508.22.i']",jessynformayor.com
123,Farrell,Farrell,Left Wing Digital LLC,,,4,Ensures all page content is contained by landmarks,All page content must be contained by landmarks,https://dequeuniversity.com/rules/axe/3.1/region?application=axeAPI,region,moderate,"['cat.keyboard', 'best-practice']",jessynformayor.com
124,Gonzalez,Gonzalez,,,,1,Ensures role attribute has an appropriate value for the element,ARIA role must be appropriate for the element,https://dequeuniversity.com/rules/axe/3.1/aria-allowed-role?application=axeAPI,aria-allowed-role,minor,"['cat.aria', 'best-practice']",lorenaforseattle.com
125,Gonzalez,Gonzalez,,,,2,Ensures the contrast between foreground and background colors meets WCAG 2 AA contrast ratio thresholds,Elements must have sufficient color contrast,https://dequeuniversity.com/rules/axe/3.1/color-contrast?application=axeAPI,color-contrast,serious,"['cat.color', 'wcag2aa', 'wcag143']",lorenaforseattle.com
126,Gonzalez,Gonzalez,,,,3,Ensures the page has only one main landmark and each iframe in the page has at most one main landmark,Page must have one main landmark,https://dequeuniversity.com/rules/axe/3.1/landmark-one-main?application=axeAPI,landmark-one-main,moderate,"['cat.semantics', 'best-practice']",lorenaforseattle.com
127,Gonzalez,Gonzalez,,,,4,Ensures links have discernible text,Links must have discernible text,https://dequeuniversity.com/rules/axe/3.1/link-name?application=axeAPI,link-name,serious,"['cat.name-role-value', 'wcag2a', 'wcag412', 'wcag244', 'section508', 'section508.22.a']",lorenaforseattle.com
128,Gonzalez,Gonzalez,,,,5,"Ensure that the page, or at least one of its frames contains a level-one heading",Page must contain a level-one heading,https://dequeuniversity.com/rules/axe/3.1/page-has-heading-one?application=axeAPI,page-has-heading-one,moderate,"['cat.semantics', 'best-practice']",lorenaforseattle.com
129,Gonzalez,Gonzalez,,,,6,Ensures all page content is contained by landmarks,All page content must be contained by landmarks,https://dequeuniversity.com/rules/axe/3.1/region?application=axeAPI,region,moderate,"['cat.keyboard', 'best-practice']",lorenaforseattle.com
130,Harrell,Harrell,NWP Consulting,,,1,Ensures role attribute has an appropriate value for the element,ARIA role must be appropriate for the element,https://dequeuniversity.com/rules/axe/3.1/aria-allowed-role?application=axeAPI,aria-allowed-role,minor,"['cat.aria', 'best-practice']",bruceforseattle.com
131,Harrell,Harrell,NWP Consulting,,,2,Ensures the contrast between foreground and background colors meets WCAG 2 AA contrast ratio thresholds,Elements must have sufficient color contrast,https://dequeuniversity.com/rules/axe/3.1/color-contrast?application=axeAPI,color-contrast,serious,"['cat.color', 'wcag2aa', 'wcag143']",bruceforseattle.com
132,Harrell,Harrell,NWP Consulting,,,3,Ensures the order of headings is semantically correct,Heading levels should only increase by one,https://dequeuniversity.com/rules/axe/3.1/heading-order?application=axeAPI,heading-order,moderate,"['cat.semantics', 'best-practice']",bruceforseattle.com
133,Harrell,Harrell,NWP Consulting,,,4,Ensures <img> elements have alternate text or a role of none or presentation,Images must have alternate text,https://dequeuniversity.com/rules/axe/3.1/image-alt?application=axeAPI,image-alt,critical,"['cat.text-alternatives', 'wcag2a', 'wcag111', 'section508', 'section508.22.a']",bruceforseattle.com
134,Harrell,Harrell,NWP Consulting,,,5,Ensures every form element has a label,Form elements must have labels,https://dequeuniversity.com/rules/axe/3.1/label?application=axeAPI,label,critical,"['cat.forms', 'wcag2a', 'wcag332', 'wcag131', 'section508', 'section508.22.n']",bruceforseattle.com
135,Harrell,Harrell,NWP Consulting,,,6,Ensures links have discernible text,Links must have discernible text,https://dequeuniversity.com/rules/axe/3.1/link-name?application=axeAPI,link-name,serious,"['cat.name-role-value', 'wcag2a', 'wcag412', 'wcag244', 'section508', 'section508.22.a']",bruceforseattle.com
136,Harrell,Harrell,NWP Consulting,,,7,"Ensure that the page, or at least one of its frames contains a level-one heading",Page must contain a level-one heading,https://dequeuniversity.com/rules/axe/3.1/page-has-heading-one?application=axeAPI,page-has-heading-one,moderate,"['cat.semantics', 'best-practice']",bruceforseattle.com
137,Harrell,Harrell,NWP Consulting,,,8,Ensures all page content is contained by landmarks,All page content must be contained by landmarks,https://dequeuniversity.com/rules/axe/3.1/region?application=axeAPI,region,moderate,"['cat.keyboard', 'best-practice']",bruceforseattle.com
138,Houston,Houston,,,,1,Ensures role attribute has an appropriate value for the element,ARIA role must be appropriate for the element,https://dequeuniversity.com/rules/axe/3.1/aria-allowed-role?application=axeAPI,aria-allowed-role,minor,"['cat.aria', 'best-practice']",www.agh4sea.com
139,Houston,Houston,,,,2,Ensures the order of headings is semantically correct,Heading levels should only increase by one,https://dequeuniversity.com/rules/axe/3.1/heading-order?application=axeAPI,heading-order,moderate,"['cat.semantics', 'best-practice']",www.agh4sea.com
140,Houston,Houston,,,,3,Ensures <img> elements have alternate text or a role of none or presentation,Images must have alternate text,https://dequeuniversity.com/rules/axe/3.1/image-alt?application=axeAPI,image-alt,critical,"['cat.text-alternatives', 'wcag2a', 'wcag111', 'section508', 'section508.22.a']",www.agh4sea.com
141,Houston,Houston,,,,4,Ensures all page content is contained by landmarks,All page content must be contained by landmarks,https://dequeuniversity.com/rules/axe/3.1/region?application=axeAPI,region,moderate,"['cat.keyboard', 'best-practice']",www.agh4sea.com
142,Houston,Houston,,,,5,Ensures tabindex attribute values are not greater than 0,Elements should not have tabindex greater than zero,https://dequeuniversity.com/rules/axe/3.1/tabindex?application=axeAPI,tabindex,serious,"['cat.keyboard', 'best-practice']",www.agh4sea.com
143,Randall,Randall,Goodbrand ,,,1,Ensures role attribute has an appropriate value for the element,ARIA role must be appropriate for the element,https://dequeuniversity.com/rules/axe/3.1/aria-allowed-role?application=axeAPI,aria-allowed-role,minor,"['cat.aria', 'best-practice']",https://lancerandall2021.com/
144,Randall,Randall,Goodbrand ,,,2,Ensures the contrast between foreground and background colors meets WCAG 2 AA contrast ratio thresholds,Elements must have sufficient color contrast,https://dequeuniversity.com/rules/axe/3.1/color-contrast?application=axeAPI,color-contrast,serious,"['cat.color', 'wcag2aa', 'wcag143']",https://lancerandall2021.com/
145,Randall,Randall,Goodbrand ,,,3,Ensures every id attribute value used in ARIA and in labels is unique,IDs used in ARIA and labels must be unique,https://dequeuniversity.com/rules/axe/3.1/duplicate-id-aria?application=axeAPI,duplicate-id-aria,critical,"['cat.parsing', 'wcag2a', 'wcag411']",https://lancerandall2021.com/
146,Randall,Randall,Goodbrand ,,,4,Ensures the order of headings is semantically correct,Heading levels should only increase by one,https://dequeuniversity.com/rules/axe/3.1/heading-order?application=axeAPI,heading-order,moderate,"['cat.semantics', 'best-practice']",https://lancerandall2021.com/
147,Randall,Randall,Goodbrand ,,,5,Ensures every form element has a label,Form elements must have labels,https://dequeuniversity.com/rules/axe/3.1/label?application=axeAPI,label,critical,"['cat.forms', 'wcag2a', 'wcag332', 'wcag131', 'section508', 'section508.22.n']",https://lancerandall2021.com/
148,Randall,Randall,Goodbrand ,,,6,Ensures the page has only one main landmark and each iframe in the page has at most one main landmark,Page must have one main landmark,https://dequeuniversity.com/rules/axe/3.1/landmark-one-main?application=axeAPI,landmark-one-main,moderate,"['cat.semantics', 'best-practice']",https://lancerandall2021.com/
149,Randall,Randall,Goodbrand ,,,7,Ensures links have discernible text,Links must have discernible text,https://dequeuniversity.com/rules/axe/3.1/link-name?application=axeAPI,link-name,serious,"['cat.name-role-value', 'wcag2a', 'wcag412', 'wcag244', 'section508', 'section508.22.a']",https://lancerandall2021.com/
150,Randall,Randall,Goodbrand ,,,8,"Ensure that the page, or at least one of its frames contains a level-one heading",Page must contain a level-one heading,https://dequeuniversity.com/rules/axe/3.1/page-has-heading-one?application=axeAPI,page-has-heading-one,moderate,"['cat.semantics', 'best-practice']",https://lancerandall2021.com/
151,Randall,Randall,Goodbrand ,,,9,Ensures all page content is contained by landmarks,All page content must be contained by landmarks,https://dequeuniversity.com/rules/axe/3.1/region?application=axeAPI,region,moderate,"['cat.keyboard', 'best-practice']",https://lancerandall2021.com/
152,Rivers,Rivers,,,,1,Ensures buttons have discernible text,Buttons must have discernible text,https://dequeuniversity.com/rules/axe/3.1/button-name?application=axeAPI,button-name,critical,"['cat.name-role-value', 'wcag2a', 'wcag412', 'section508', 'section508.22.a']",https://www.donlrivers.com/
153,Rivers,Rivers,,,,2,Ensures the contrast between foreground and background colors meets WCAG 2 AA contrast ratio thresholds,Elements must have sufficient color contrast,https://dequeuniversity.com/rules/axe/3.1/color-contrast?application=axeAPI,color-contrast,serious,"['cat.color', 'wcag2aa', 'wcag143']",https://www.donlrivers.com/
154,Rivers,Rivers,,,,3,Ensures every form element has a label,Form elements must have labels,https://dequeuniversity.com/rules/axe/3.1/label?application=axeAPI,label,critical,"['cat.forms', 'wcag2a', 'wcag332', 'wcag131', 'section508', 'section508.22.n']",https://www.donlrivers.com/
155,Rivers,Rivers,,,,4,Ensures the page has only one main landmark and each iframe in the page has at most one main landmark,Page must have one main landmark,https://dequeuniversity.com/rules/axe/3.1/landmark-one-main?application=axeAPI,landmark-one-main,moderate,"['cat.semantics', 'best-practice']",https://www.donlrivers.com/
156,Rivers,Rivers,,,,5,Ensures all page content is contained by landmarks,All page content must be contained by landmarks,https://dequeuniversity.com/rules/axe/3.1/region?application=axeAPI,region,moderate,"['cat.keyboard', 'best-practice']",https://www.donlrivers.com/
157,Sixkiller,Sixkiller,Bryson Gilette,,,1,Ensures the contrast between foreground and background colors meets WCAG 2 AA contrast ratio thresholds,Elements must have sufficient color contrast,https://dequeuniversity.com/rules/axe/3.1/color-contrast?application=axeAPI,color-contrast,serious,"['cat.color', 'wcag2aa', 'wcag143']",sixkillerforseattle.com
158,Sixkiller,Sixkiller,Bryson Gilette,,,2,Ensures every id attribute value is unique,id attribute value must be unique,https://dequeuniversity.com/rules/axe/3.1/duplicate-id?application=axeAPI,duplicate-id,minor,"['cat.parsing', 'wcag2a', 'wcag411']",sixkillerforseattle.com
159,Sixkiller,Sixkiller,Bryson Gilette,,,3,Ensures headings have discernible text,Headings must not be empty,https://dequeuniversity.com/rules/axe/3.1/empty-heading?application=axeAPI,empty-heading,minor,"['cat.name-role-value', 'best-practice']",sixkillerforseattle.com
160,Sixkiller,Sixkiller,Bryson Gilette,,,4,Ensures <iframe> and <frame> elements contain a non-empty title attribute,Frames must have title attribute,https://dequeuniversity.com/rules/axe/3.1/frame-title?application=axeAPI,frame-title,serious,"['cat.text-alternatives', 'wcag2a', 'wcag241', 'wcag412', 'section508', 'section508.22.i']",sixkillerforseattle.com
161,Sixkiller,Sixkiller,Bryson Gilette,,,5,Ensures the order of headings is semantically correct,Heading levels should only increase by one,https://dequeuniversity.com/rules/axe/3.1/heading-order?application=axeAPI,heading-order,moderate,"['cat.semantics', 'best-practice']",sixkillerforseattle.com
162,Sixkiller,Sixkiller,Bryson Gilette,,,6,Ensures that every form element is not solely labeled using the title or aria-describedby attributes,Form elements should have a visible label,https://dequeuniversity.com/rules/axe/3.1/label-title-only?application=axeAPI,label-title-only,serious,"['cat.forms', 'best-practice']",sixkillerforseattle.com
163,Sixkiller,Sixkiller,Bryson Gilette,,,7,Ensures every form element has a label,Form elements must have labels,https://dequeuniversity.com/rules/axe/3.1/label?application=axeAPI,label,critical,"['cat.forms', 'wcag2a', 'wcag332', 'wcag131', 'section508', 'section508.22.n']",sixkillerforseattle.com
164,Sixkiller,Sixkiller,Bryson Gilette,,,8,Ensures the page has only one main landmark and each iframe in the page has at most one main landmark,Page must have one main landmark,https://dequeuniversity.com/rules/axe/3.1/landmark-one-main?application=axeAPI,landmark-one-main,moderate,"['cat.semantics', 'best-practice']",sixkillerforseattle.com
165,Sixkiller,Sixkiller,Bryson Gilette,,,9,"Ensures <meta name=""viewport""> does not disable text scaling and zooming",Zooming and scaling must not be disabled,https://dequeuniversity.com/rules/axe/3.1/meta-viewport?application=axeAPI,meta-viewport,critical,"['cat.sensory-and-visual-cues', 'wcag2aa', 'wcag144']",sixkillerforseattle.com
166,Sixkiller,Sixkiller,Bryson Gilette,,,10,Ensures all page content is contained by landmarks,All page content must be contained by landmarks,https://dequeuniversity.com/rules/axe/3.1/region?application=axeAPI,region,moderate,"['cat.keyboard', 'best-practice']",sixkillerforseattle.com
167,Tucker,Tucker,,,,1,Ensures <iframe> and <frame> elements contain a non-empty title attribute,Frames must have title attribute,https://dequeuniversity.com/rules/axe/3.1/frame-title?application=axeAPI,frame-title,serious,"['cat.text-alternatives', 'wcag2a', 'wcag241', 'wcag412', 'section508', 'section508.22.i']",http://bobbyjtucker.com/
168,Tucker,Tucker,,,,2,Ensures every HTML document has a lang attribute,<html> element must have a lang attribute,https://dequeuniversity.com/rules/axe/3.1/html-has-lang?application=axeAPI,html-has-lang,serious,"['cat.language', 'wcag2a', 'wcag311']",http://bobbyjtucker.com/
169,Tucker,Tucker,,,,3,Ensures the page has only one main landmark and each iframe in the page has at most one main landmark,Page must have one main landmark,https://dequeuniversity.com/rules/axe/3.1/landmark-one-main?application=axeAPI,landmark-one-main,moderate,"['cat.semantics', 'best-practice']",http://bobbyjtucker.com/
170,Tucker,Tucker,,,,4,"Ensure that the page, or at least one of its frames contains a level-one heading",Page must contain a level-one heading,https://dequeuniversity.com/rules/axe/3.1/page-has-heading-one?application=axeAPI,page-has-heading-one,moderate,"['cat.semantics', 'best-practice']",http://bobbyjtucker.com/
171,Holmes,Holmes,NWP Consulting ,,,1,Ensures the contrast between foreground and background colors meets WCAG 2 AA contrast ratio thresholds,Elements must have sufficient color contrast,https://dequeuniversity.com/rules/axe/3.1/color-contrast?application=axeAPI,color-contrast,serious,"['cat.color', 'wcag2aa', 'wcag143']",holmesforseattle.com
172,Holmes,Holmes,NWP Consulting ,,,2,"Ensure that the page, or at least one of its frames contains a level-one heading",Page must contain a level-one heading,https://dequeuniversity.com/rules/axe/3.1/page-has-heading-one?application=axeAPI,page-has-heading-one,moderate,"['cat.semantics', 'best-practice']",holmesforseattle.com
173,Holmes,Holmes,NWP Consulting ,,,3,Ensures all page content is contained by landmarks,All page content must be contained by landmarks,https://dequeuniversity.com/rules/axe/3.1/region?application=axeAPI,region,moderate,"['cat.keyboard', 'best-practice']",holmesforseattle.com
174,Thomas-Kennedy,Thomas-Kennedy,,,,1,Ensures role attribute has an appropriate value for the element,ARIA role must be appropriate for the element,https://dequeuniversity.com/rules/axe/3.1/aria-allowed-role?application=axeAPI,aria-allowed-role,minor,"['cat.aria', 'best-practice']",https://ntk4justice.com/
175,Thomas-Kennedy,Thomas-Kennedy,,,,2,Ensures the contrast between foreground and background colors meets WCAG 2 AA contrast ratio thresholds,Elements must have sufficient color contrast,https://dequeuniversity.com/rules/axe/3.1/color-contrast?application=axeAPI,color-contrast,serious,"['cat.color', 'wcag2aa', 'wcag143']",https://ntk4justice.com/
176,Thomas-Kennedy,Thomas-Kennedy,,,,3,Ensures the order of headings is semantically correct,Heading levels should only increase by one,https://dequeuniversity.com/rules/axe/3.1/heading-order?application=axeAPI,heading-order,moderate,"['cat.semantics', 'best-practice']",https://ntk4justice.com/
177,Thomas-Kennedy,Thomas-Kennedy,,,,4,Ensures tabindex attribute values are not greater than 0,Elements should not have tabindex greater than zero,https://dequeuniversity.com/rules/axe/3.1/tabindex?application=axeAPI,tabindex,serious,"['cat.keyboard', 'best-practice']",https://ntk4justice.com/
178,Glumaz,Glumaz,,,,1,Ensures the contrast between foreground and background colors meets WCAG 2 AA contrast ratio thresholds,Elements must have sufficient color contrast,https://dequeuniversity.com/rules/axe/3.1/color-contrast?application=axeAPI,color-contrast,serious,"['cat.color', 'wcag2aa', 'wcag143']",https://www.glumazforseattlecitycouncil.org/
179,Glumaz,Glumaz,,,,2,Ensures every id attribute value is unique,id attribute value must be unique,https://dequeuniversity.com/rules/axe/3.1/duplicate-id?application=axeAPI,duplicate-id,minor,"['cat.parsing', 'wcag2a', 'wcag411']",https://www.glumazforseattlecitycouncil.org/
180,Glumaz,Glumaz,,,,3,Ensures the page has only one main landmark and each iframe in the page has at most one main landmark,Page must have one main landmark,https://dequeuniversity.com/rules/axe/3.1/landmark-one-main?application=axeAPI,landmark-one-main,moderate,"['cat.semantics', 'best-practice']",https://www.glumazforseattlecitycouncil.org/
181,Glumaz,Glumaz,,,,4,"Ensure that the page, or at least one of its frames contains a level-one heading",Page must contain a level-one heading,https://dequeuniversity.com/rules/axe/3.1/page-has-heading-one?application=axeAPI,page-has-heading-one,moderate,"['cat.semantics', 'best-practice']",https://www.glumazforseattlecitycouncil.org/
182,Glumaz,Glumaz,,,,5,Ensures all page content is contained by landmarks,All page content must be contained by landmarks,https://dequeuniversity.com/rules/axe/3.1/region?application=axeAPI,region,moderate,"['cat.keyboard', 'best-practice']",https://www.glumazforseattlecitycouncil.org/
183,Martin,Martin,Self developed w/ themes,,,1,Ensures the contrast between foreground and background colors meets WCAG 2 AA contrast ratio thresholds,Elements must have sufficient color contrast,https://dequeuniversity.com/rules/axe/3.1/color-contrast?application=axeAPI,color-contrast,serious,"['cat.color', 'wcag2aa', 'wcag143']",https://electkatemartin.com/
184,Martin,Martin,Self developed w/ themes,,,2,Ensures every id attribute value is unique,id attribute value must be unique,https://dequeuniversity.com/rules/axe/3.1/duplicate-id?application=axeAPI,duplicate-id,minor,"['cat.parsing', 'wcag2a', 'wcag411']",https://electkatemartin.com/
185,Martin,Martin,Self developed w/ themes,,,3,Ensures headings have discernible text,Headings must not be empty,https://dequeuniversity.com/rules/axe/3.1/empty-heading?application=axeAPI,empty-heading,minor,"['cat.name-role-value', 'best-practice']",https://electkatemartin.com/
186,Martin,Martin,Self developed w/ themes,,,4,Ensures the page has only one main landmark and each iframe in the page has at most one main landmark,Page must have one main landmark,https://dequeuniversity.com/rules/axe/3.1/landmark-one-main?application=axeAPI,landmark-one-main,moderate,"['cat.semantics', 'best-practice']",https://electkatemartin.com/
187,Martin,Martin,Self developed w/ themes,,,5,Ensures links have discernible text,Links must have discernible text,https://dequeuniversity.com/rules/axe/3.1/link-name?application=axeAPI,link-name,serious,"['cat.name-role-value', 'wcag2a', 'wcag412', 'wcag244', 'section508', 'section508.22.a']",https://electkatemartin.com/
188,Martin,Martin,Self developed w/ themes,,,6,Ensures all page content is contained by landmarks,All page content must be contained by landmarks,https://dequeuniversity.com/rules/axe/3.1/region?application=axeAPI,region,moderate,"['cat.keyboard', 'best-practice']",https://electkatemartin.com/
189,Mosqueda,Mosqueda,NWP Consulting,,,1,Ensures role attribute has an appropriate value for the element,ARIA role must be appropriate for the element,https://dequeuniversity.com/rules/axe/3.1/aria-allowed-role?application=axeAPI,aria-allowed-role,minor,"['cat.aria', 'best-practice']",teamteresa.org
190,Mosqueda,Mosqueda,NWP Consulting,,,2,Ensures the contrast between foreground and background colors meets WCAG 2 AA contrast ratio thresholds,Elements must have sufficient color contrast,https://dequeuniversity.com/rules/axe/3.1/color-contrast?application=axeAPI,color-contrast,serious,"['cat.color', 'wcag2aa', 'wcag143']",teamteresa.org
191,Mosqueda,Mosqueda,NWP Consulting,,,3,Ensures every id attribute value is unique,id attribute value must be unique,https://dequeuniversity.com/rules/axe/3.1/duplicate-id?application=axeAPI,duplicate-id,minor,"['cat.parsing', 'wcag2a', 'wcag411']",teamteresa.org
192,Mosqueda,Mosqueda,NWP Consulting,,,4,Ensures links have discernible text,Links must have discernible text,https://dequeuniversity.com/rules/axe/3.1/link-name?application=axeAPI,link-name,serious,"['cat.name-role-value', 'wcag2a', 'wcag412', 'wcag244', 'section508', 'section508.22.a']",teamteresa.org
193,Mosqueda,Mosqueda,NWP Consulting,,,5,"Ensure that the page, or at least one of its frames contains a level-one heading",Page must contain a level-one heading,https://dequeuniversity.com/rules/axe/3.1/page-has-heading-one?application=axeAPI,page-has-heading-one,moderate,"['cat.semantics', 'best-practice']",teamteresa.org
194,Mosqueda,Mosqueda,NWP Consulting,,,6,Ensures all page content is contained by landmarks,All page content must be contained by landmarks,https://dequeuniversity.com/rules/axe/3.1/region?application=axeAPI,region,moderate,"['cat.keyboard', 'best-practice']",teamteresa.org
195,Tsimerman,Tsimerman,,,,1,Ensures role attribute has an appropriate value for the element,ARIA role must be appropriate for the element,https://dequeuniversity.com/rules/axe/3.1/aria-allowed-role?application=axeAPI,aria-allowed-role,minor,"['cat.aria', 'best-practice']",AlexforAmerica.com
196,Tsimerman,Tsimerman,,,,2,Ensures the contrast between foreground and background colors meets WCAG 2 AA contrast ratio thresholds,Elements must have sufficient color contrast,https://dequeuniversity.com/rules/axe/3.1/color-contrast?application=axeAPI,color-contrast,serious,"['cat.color', 'wcag2aa', 'wcag143']",AlexforAmerica.com
197,Tsimerman,Tsimerman,,,,3,Ensures the order of headings is semantically correct,Heading levels should only increase by one,https://dequeuniversity.com/rules/axe/3.1/heading-order?application=axeAPI,heading-order,moderate,"['cat.semantics', 'best-practice']",AlexforAmerica.com
198,Tsimerman,Tsimerman,,,,4,Ensures all page content is contained by landmarks,All page content must be contained by landmarks,https://dequeuniversity.com/rules/axe/3.1/region?application=axeAPI,region,moderate,"['cat.keyboard', 'best-practice']",AlexforAmerica.com
199,Echner,Echner,,,,1,Ensures the contrast between foreground and background colors meets WCAG 2 AA contrast ratio thresholds,Elements must have sufficient color contrast,https://dequeuniversity.com/rules/axe/3.1/color-contrast?application=axeAPI,color-contrast,serious,"['cat.color', 'wcag2aa', 'wcag143']",https://coreyeichner.com/
200,Echner,Echner,,,,2,Ensures every id attribute value is unique,id attribute value must be unique,https://dequeuniversity.com/rules/axe/3.1/duplicate-id?application=axeAPI,duplicate-id,minor,"['cat.parsing', 'wcag2a', 'wcag411']",https://coreyeichner.com/
201,Echner,Echner,,,,3,Ensures the order of headings is semantically correct,Heading levels should only increase by one,https://dequeuniversity.com/rules/axe/3.1/heading-order?application=axeAPI,heading-order,moderate,"['cat.semantics', 'best-practice']",https://coreyeichner.com/
202,Echner,Echner,,,,4,Ensures links have discernible text,Links must have discernible text,https://dequeuniversity.com/rules/axe/3.1/link-name?application=axeAPI,link-name,serious,"['cat.name-role-value', 'wcag2a', 'wcag412', 'wcag244', 'section508', 'section508.22.a']",https://coreyeichner.com/
203,Echner,Echner,,,,5,"Ensure that the page, or at least one of its frames contains a level-one heading",Page must contain a level-one heading,https://dequeuniversity.com/rules/axe/3.1/page-has-heading-one?application=axeAPI,page-has-heading-one,moderate,"['cat.semantics', 'best-practice']",https://coreyeichner.com/
204,Gunther,Gunther,,,,1,Ensures the contrast between foreground and background colors meets WCAG 2 AA contrast ratio thresholds,Elements must have sufficient color contrast,https://dequeuniversity.com/rules/axe/3.1/color-contrast?application=axeAPI,color-contrast,serious,"['cat.color', 'wcag2aa', 'wcag143']",https://www.xtiangunther.com/
205,Nelson,Nelson,,,,1,Ensures role attribute has an appropriate value for the element,ARIA role must be appropriate for the element,https://dequeuniversity.com/rules/axe/3.1/aria-allowed-role?application=axeAPI,aria-allowed-role,minor,"['cat.aria', 'best-practice']",https://www.saraforcitycouncil.com/issues
206,Nelson,Nelson,,,,2,"Ensure that the page, or at least one of its frames contains a level-one heading",Page must contain a level-one heading,https://dequeuniversity.com/rules/axe/3.1/page-has-heading-one?application=axeAPI,page-has-heading-one,moderate,"['cat.semantics', 'best-practice']",https://www.saraforcitycouncil.com/issues
207,Nelson,Nelson,,,,3,Ensures tabindex attribute values are not greater than 0,Elements should not have tabindex greater than zero,https://dequeuniversity.com/rules/axe/3.1/tabindex?application=axeAPI,tabindex,serious,"['cat.keyboard', 'best-practice']",https://www.saraforcitycouncil.com/issues
208,Oliver,Oliver,Mariahlyn Okuna,,,1,Ensures every id attribute value is unique,id attribute value must be unique,https://dequeuniversity.com/rules/axe/3.1/duplicate-id?application=axeAPI,duplicate-id,minor,"['cat.parsing', 'wcag2a', 'wcag411']",https://nikkitafornine.com/
209,Oliver,Oliver,Mariahlyn Okuna,,,2,Ensures the order of headings is semantically correct,Heading levels should only increase by one,https://dequeuniversity.com/rules/axe/3.1/heading-order?application=axeAPI,heading-order,moderate,"['cat.semantics', 'best-practice']",https://nikkitafornine.com/
210,Oliver,Oliver,Mariahlyn Okuna,,,3,Ensures all page content is contained by landmarks,All page content must be contained by landmarks,https://dequeuniversity.com/rules/axe/3.1/region?application=axeAPI,region,moderate,"['cat.keyboard', 'best-practice']",https://nikkitafornine.com/
211,Thomas ,Thomas ,Upper Left,,,1,Ensures role attribute has an appropriate value for the element,ARIA role must be appropriate for the element,https://dequeuniversity.com/rules/axe/3.1/aria-allowed-role?application=axeAPI,aria-allowed-role,minor,"['cat.aria', 'best-practice']",peopleforbrianna.org
212,Thomas ,Thomas ,Upper Left,,,2,Ensures the order of headings is semantically correct,Heading levels should only increase by one,https://dequeuniversity.com/rules/axe/3.1/heading-order?application=axeAPI,heading-order,moderate,"['cat.semantics', 'best-practice']",peopleforbrianna.org
213,Thomas ,Thomas ,Upper Left,,,3,Ensures <img> elements have alternate text or a role of none or presentation,Images must have alternate text,https://dequeuniversity.com/rules/axe/3.1/image-alt?application=axeAPI,image-alt,critical,"['cat.text-alternatives', 'wcag2a', 'wcag111', 'section508', 'section508.22.a']",peopleforbrianna.org
214,Thomas ,Thomas ,Upper Left,,,4,Ensures every form element has a label,Form elements must have labels,https://dequeuniversity.com/rules/axe/3.1/label?application=axeAPI,label,critical,"['cat.forms', 'wcag2a', 'wcag332', 'wcag131', 'section508', 'section508.22.n']",peopleforbrianna.org
215,Thomas ,Thomas ,Upper Left,,,5,Ensures links have discernible text,Links must have discernible text,https://dequeuniversity.com/rules/axe/3.1/link-name?application=axeAPI,link-name,serious,"['cat.name-role-value', 'wcag2a', 'wcag412', 'wcag244', 'section508', 'section508.22.a']",peopleforbrianna.org
216,Thomas ,Thomas ,Upper Left,,,6,Ensures tabindex attribute values are not greater than 0,Elements should not have tabindex greater than zero,https://dequeuniversity.com/rules/axe/3.1/tabindex?application=axeAPI,tabindex,serious,"['cat.keyboard', 'best-practice']",peopleforbrianna.org
